:(batters),,,,,,,,,,,,,
31,0,Heyward,1,254,14,20,780,121,2,0,,,
31,1,J.Upton,0,263,27,18,849,127,2,0,,,
31,2,Freeman,1,319,23,8,834,122,1,0,,,
31,3,E.Gattis,0,243,21,22,821,120,2,0,,,
31,4,B.McCann,0,256,20,20,814,120,0,0,,,
31,5,CJohnson,0,321,12,8,774,120,1,0,,,
31,6,Simmons,0,248,17,21,789,124,1,0,,,
31,7,D.Uggla,0,179,22,30,814,123,1,0,,,
31,8,B.Upton,0,184,9,30,750,126,2,0,,,
31,9,Schafer,1,247,3,21,720,134,2,0,,,
31,10,G.Laird,0,281,1,15,710,121,0,0,,,
31,11,RJohnson,0,244,1,21,710,121,2,0,,,
31,12,R.Pena,0,278,3,16,727,120,1,1,,,
31,13,EJohnson,1,261,0,19,705,126,1,1,,,
32,0,DeJesus,1,250,6,21,736,124,2,0,,,
32,1,S.Castro,0,245,10,21,755,124,1,0,,,
32,2,A.Rizzo,1,233,23,23,823,122,1,0,,,
32,3,Bogsevic,1,273,6,17,745,122,2,0,,,
32,4,Schrhltz,1,251,21,20,820,124,2,0,,,
32,5,Castillo,0,274,8,17,745,122,0,0,,,
32,6,Valbuena,1,218,12,25,764,120,1,0,,,
32,7,D.Barney,0,208,7,27,740,122,1,0,,,
32,8,Navarro,0,300,13,12,783,120,1,0,,,
32,9,Jr.Lake,0,284,6,15,740,122,2,0,,,
32,10,Sweeney,1,266,6,18,743,122,2,0,,,
32,11,C.Ransom,0,203,9,27,758,121,1,0,,,
32,12,D.Murphy,0,255,11,20,778,122,1,0,,,
32,13,Hairston,0,172,8,31,751,122,2,0,,,
33,0,A.Eaton,1,252,3,20,720,125,2,0,,,
33,1,G.Parra,1,268,10,18,756,127,2,0,,,
33,2,Gldschmt,0,302,36,12,904,128,1,0,,,
33,3,M.Prado,0,282,14,15,778,122,1,0,,,
33,4,A.Hill,0,291,11,14,769,120,1,0,,,
33,5,Pollock,0,269,8,17,747,130,2,0,,,
33,6,Gregorus,1,252,7,20,740,121,1,0,,,
33,7,Montero,1,230,11,24,759,120,0,0,,,
33,8,C.Ross,0,278,8,16,748,122,2,0,,,
33,9,Pnington,0,242,1,22,710,122,1,1,,,
33,10,E.Chavez,1,281,9,15,761,122,1,0,,,
33,11,W.Nieves,0,297,1,12,710,120,0,0,,,
33,12,Blmquist,0,317,0,9,705,120,2,0,,,
33,13,Davidson,0,237,3,23,726,120,1,0,,,
34,0,McLouth,0,258,12,19,765,139,2,0,,,
34,1,Machado,0,283,14,15,780,124,1,0,,,
34,2,Markakis,1,271,10,17,755,120,2,0,,,
34,3,A.Jones,0,285,33,15,882,129,2,0,,,
34,4,C.Davis,1,286,53,14,997,123,1,0,,,
34,5,Wieters,1,235,22,23,818,122,0,1,,,
34,6,J.Hardy,0,263,25,18,835,121,1,0,,,
34,7,S.Pearce,0,261,4,19,729,121,1,0,,,
34,8,Flaherty,1,224,10,24,755,122,1,0,,,
34,9,Roberts,0,249,8,21,745,122,1,1,,,
34,10,Valencia,0,304,8,11,765,120,1,0,,,
34,11,Reimold,0,195,5,28,730,120,2,0,,,
34,12,Casilla,1,214,1,26,710,126,1,1,,,
34,13,Dickrson,1,238,4,22,726,123,2,0,,,
35,0,A.Aza,1,264,17,18,791,131,2,0,,,
35,1,Ramirez,0,284,6,15,735,136,1,0,,,
35,2,Gilaspie,1,245,13,21,769,121,1,0,,,
35,3,Konerko,0,244,12,21,764,120,1,0,,,
35,4,A.Dunn,1,219,34,25,881,121,1,0,,,
35,5,A.Garcia,0,304,5,11,738,122,2,0,,,
35,6,Viciedo,0,265,14,18,779,122,2,0,,,
35,7,Beckham,0,267,5,18,730,124,1,0,,,
35,8,Phegley,0,206,4,27,725,122,0,0,,,
35,9,Kepinger,0,253,4,20,725,120,1,0,,,
35,10,Flowers,0,195,10,28,755,120,0,0,,,
35,11,J.Danks,1,231,5,23,730,124,2,0,,,
35,12,Gimenez,0,191,2,29,715,120,0,0,,,
35,13,M.Semien,0,261,2,19,717,121,1,0,,,
36,0,J.Shuck,1,293,2,13,715,125,2,0,,,
36,1,E.Aybar,0,271,6,17,735,127,1,1,,,
36,2,M.Trout,0,323,27,7,860,143,2,0,,,
36,3,Hamilton,1,250,21,21,815,126,2,0,,,
36,4,Kendrick,0,297,13,12,776,125,1,0,,,
36,5,M.Trumbo,0,234,34,23,882,124,1,0,,,
36,6,Iannetta,0,225,11,24,759,120,0,0,,,
36,7,A.Pujols,0,258,17,19,796,121,1,0,,,
36,8,A.Romine,1,259,0,19,705,121,1,1,,,
36,9,H.Conger,0,249,7,21,741,120,0,1,,,
36,10,Calhoun,1,282,8,15,755,122,2,0,,,
36,11,Bourjos,0,274,3,17,720,127,2,0,,,
36,12,G.Green,0,280,1,16,710,121,1,0,,,
36,13,C.Nelson,0,220,3,25,720,122,1,0,,,
37,0,D.Solano,0,249,3,21,720,122,1,0,,,
37,1,E.Lucas,0,256,4,20,725,121,1,0,,,
37,2,C.Yelich,1,288,4,14,725,128,2,0,,,
37,3,Stanton,0,249,24,21,836,121,2,0,,,
37,4,Ruggiano,0,222,18,25,794,126,2,0,,,
37,5,Morrison,1,242,6,22,735,122,1,0,,,
37,6,Hechvria,0,227,3,24,720,125,1,0,,,
37,7,J.Mathis,0,181,5,30,730,121,0,0,,,
37,8,Polanco,0,260,1,19,710,122,1,0,,,
37,9,J.Pierre,1,247,1,21,710,134,2,0,,,
37,10,M.Ozuna,0,265,3,18,720,125,2,0,,,
37,11,G.Dobbs,1,228,2,24,715,121,1,0,,,
37,12,Brantly,1,211,1,26,710,120,0,0,,,
37,13,Dietrich,1,214,9,26,751,122,1,0,,,
38,0,S.S.Choo,1,285,21,15,819,128,2,0,,,
38,1,Z.Cozart,0,254,12,20,764,122,1,0,,,
38,2,J.Votto,1,305,24,11,837,124,1,0,,,
38,3,Phillips,0,261,18,19,794,123,1,0,,,
38,4,J.Bruce,1,262,30,19,865,124,2,0,,,
38,5,Frazier,0,234,19,23,801,123,1,0,,,
38,6,Mesoraco,0,238,9,22,750,119,0,0,,,
38,7,Robinson,1,255,0,20,705,123,2,1,,,
38,8,Hanigan,0,198,2,28,715,120,0,0,,,
38,9,C.Heisey,0,237,9,23,753,123,2,0,,,
38,10,X.Paul,1,244,7,21,741,120,2,0,,,
38,11,Hannahan,1,216,1,25,710,121,1,0,,,
38,12,Izturis,0,209,0,26,705,120,1,1,,,
38,13,Ludwick,0,240,2,22,715,120,2,0,,,
39,0,D.Fowler,0,263,12,18,767,129,2,0,,,
39,1,LeMahieu,0,280,2,16,715,130,1,0,,,
39,2,Gonzalez,1,302,26,12,859,136,2,0,,,
39,3,Tulwtzki,0,312,25,10,848,121,1,0,,,
39,4,Cuddyer,0,331,20,6,822,127,2,0,,,
39,5,Arenado,0,267,10,18,756,124,1,0,,,
39,6,T.Helton,1,249,15,21,784,121,1,0,,,
39,7,Pacheco,0,239,1,22,710,120,0,0,,,
39,8,Rosario,0,292,21,13,822,123,0,0,,,
39,9,Rutledge,0,235,7,23,740,130,1,0,,,
39,10,Blackmon,1,309,6,10,745,127,2,0,,,
39,11,Herrera,1,292,1,13,710,122,1,1,,,
39,12,Dickrson,1,263,5,18,739,124,2,0,,,
39,13,Torealba,0,240,0,22,705,120,0,0,,,
40,0,Ellsbury,1,298,9,12,755,157,2,0,,,
40,1,Pedroia,0,301,9,12,753,130,1,0,,,
40,2,D.Ortiz,1,309,30,10,875,124,1,0,,,
40,3,M.Napoli,0,259,23,19,831,122,1,0,,,
40,4,J.Gomes,0,247,13,21,774,121,2,0,,,
40,5,Victrino,0,294,15,13,788,134,2,1,,,
40,6,Bogaerts,0,250,1,21,710,121,1,0,,,
40,7,S.Drew,1,253,13,20,777,129,1,0,,,
40,8,J.Saltmc,1,273,14,17,785,123,0,1,,,
40,9,D.Nava,0,303,12,11,772,119,2,1,,,
40,10,Mddlbrks,0,227,17,24,794,122,1,0,,,
40,11,M.Carp,1,296,9,13,767,122,2,0,,,
40,12,D.Ross,0,216,4,25,725,121,0,0,,,
40,13,Lavrnway,0,299,1,12,715,120,0,0,,,
41,0,M.Bourn,1,263,6,18,735,132,2,0,,,
41,1,Swisher,1,246,22,21,819,122,2,1,,,
41,2,J.Kipnis,1,284,17,15,798,139,1,0,,,
41,3,Santana,0,268,20,18,813,122,1,1,,,
41,4,Cabrera,1,242,14,22,776,126,1,1,,,
41,5,R.Raburn,0,272,16,17,804,120,2,0,,,
41,6,J.Giambi,1,183,9,30,750,120,1,0,,,
41,7,M.Aviles,0,252,9,20,750,123,1,0,,,
41,8,Y.Gomes,0,294,11,13,772,123,0,0,,,
41,9,Brantley,1,284,10,15,755,132,2,0,,,
41,10,D.Stubbs,0,233,10,23,755,132,2,0,,,
41,11,Reynolds,0,215,15,26,779,123,1,0,,,
41,12,Chisnhal,1,225,11,24,760,121,1,0,,,
41,13,J.Kubel,1,167,0,31,705,120,2,0,,,
42,0,J.Villar,0,243,1,22,710,129,1,1,,,
42,1,J.Altuve,0,283,5,15,730,137,1,0,,,
42,2,Domingez,0,241,21,22,810,120,1,0,,,
42,3,C.Carter,0,223,29,25,857,123,1,0,,,
42,4,Martinez,0,250,7,21,740,122,2,0,,,
42,5,J.Castro,1,276,18,16,807,122,0,0,,,
42,6,B.Barnes,0,240,8,22,745,126,2,0,,,
42,7,C.Pena,1,209,8,26,745,120,1,0,,,
42,8,L.Hoes,0,287,1,14,710,126,2,0,,,
42,9,Grossman,1,268,4,18,725,123,2,1,,,
42,10,Wallace,1,221,13,25,775,121,1,0,,,
42,11,Gonzalez,0,221,4,25,725,123,1,1,,,
42,12,Corporan,1,225,7,24,740,120,0,1,,,
42,13,T.Crowe,0,218,1,25,710,125,2,1,,,
43,0,E.Young,1,251,1,20,710,144,2,1,,,
43,1,L.Duda,1,223,15,25,783,119,1,0,,,
43,2,D.Wright,0,307,18,11,810,134,1,0,,,
43,3,D.Murphy,1,286,13,14,773,137,1,0,,,
43,4,J.Buck,0,215,15,26,779,121,0,0,,,
43,5,Qntanila,1,222,2,25,715,123,1,0,,,
43,6,Lagares,0,242,4,22,725,125,2,0,,,
43,7,M.Baxter,1,189,0,29,705,123,2,0,,,
43,8,I.Davis,1,205,9,27,750,123,1,0,,,
43,9,R.Tejada,0,202,0,27,705,121,1,0,,,
43,10,J.Satin,0,279,3,16,722,121,1,0,,,
43,11,J.Turner,0,280,2,16,715,120,1,0,,,
43,12,A.Brown,0,227,7,24,741,121,2,0,,,
43,13,A.Recker,0,215,6,26,736,120,0,0,,,
44,0,N.Aoki,1,286,8,14,745,128,2,0,,,
44,1,J.Segura,0,294,12,13,769,147,1,0,,,
44,2,R.Braun,0,298,9,12,764,123,2,0,,,
44,3,Ramirez,0,283,12,15,774,120,1,0,,,
44,4,J.Lucroy,0,280,18,16,803,129,0,0,,,
44,5,C.Gomez,0,284,24,15,839,148,2,0,,,
44,6,Betancrt,0,212,13,26,769,121,1,0,,,
44,7,Bianchi,0,237,1,23,710,123,1,0,,,
44,8,R.Weeks,0,209,10,26,755,124,1,0,,,
44,9,Schafer,1,211,4,26,725,127,2,0,,,
44,10,Frncisco,1,221,13,25,775,120,1,0,,,
44,11,Gennett,1,324,6,7,747,122,1,0,,,
44,12,Maldnado,0,169,4,31,725,121,0,0,,,
44,13,C.Gindl,1,242,5,22,737,122,2,0,,,
45,0,Crawford,1,283,6,15,737,130,2,0,,,
45,1,M.Ellis,0,270,6,17,735,124,1,0,,,
45,2,Gonzalez,1,293,22,13,824,121,1,0,,,
45,3,A.Ethier,1,272,12,17,769,122,2,0,,,
45,4,Ramirez,0,345,20,3,834,127,1,0,,,
45,5,Y.Puig,0,319,19,8,818,124,2,0,,,
45,6,J.Uribe,0,278,12,16,771,125,1,0,,,
45,7,A.Ellis,0,238,10,22,755,120,0,0,,,
45,8,Schumakr,1,263,2,18,715,121,2,0,,,
45,9,N.Punto,0,255,2,20,715,122,1,1,,,
45,10,M.Kemp,0,270,6,17,735,127,2,0,,,
45,11,Hairston,0,211,2,26,715,120,1,0,,,
45,12,Fdrowicz,0,231,4,23,725,120,0,0,,,
45,13,S.Slyke,0,240,7,22,750,121,2,0,,,
46,0,I.Suzuki,1,262,7,19,740,134,2,0,,,
46,1,A.Roid,0,244,7,21,744,122,1,0,,,
46,2,R.Cano,1,314,27,9,855,125,1,0,,,
46,3,Soriano,0,256,17,20,807,123,2,0,,,
46,4,Overbay,1,240,14,22,774,122,1,0,,,
46,5,E.Nunez,0,260,3,19,720,128,1,0,,,
46,6,V.Wells,0,233,11,23,759,123,2,0,,,
46,7,Stewart,0,211,4,26,725,123,0,0,,,
46,8,J.Nix,0,236,3,23,720,130,1,0,,,
46,9,Gardner,1,273,8,17,748,137,2,0,,,
46,10,A.Romine,0,296,0,13,726,121,0,0,,,
46,11,T.Hafner,1,202,12,27,764,122,1,0,,,
46,12,Grandrsn,1,229,7,24,742,126,2,0,,,
46,13,D.Adams,0,193,2,28,715,121,1,0,,,
47,0,T.Hunter,0,304,17,11,799,124,2,0,,,
47,1,Cabrera,0,348,44,2,953,123,1,0,,,
47,2,Fielder,1,279,25,16,838,121,1,0,,,
47,3,Martinez,0,301,14,12,780,119,1,1,,,
47,4,Peralta,0,303,11,11,769,122,2,0,,,
47,5,A.Avila,1,227,11,24,759,121,0,0,,,
47,6,Infante,0,318,10,8,763,124,1,0,,,
47,7,Jackson,0,272,12,17,768,127,2,0,,,
47,8,Iglesias,0,259,2,19,715,121,1,0,,,
47,9,A.Dirks,1,256,9,20,750,126,2,0,,,
47,10,D.Kelly,1,222,6,25,735,122,2,0,,,
47,11,B.Pena,1,297,4,12,725,119,0,1,,,
47,12,Santiago,0,224,1,24,710,120,1,1,,,
47,13,Tuiasopo,0,244,7,21,743,120,2,0,,,
48,0,C.Crisp,1,261,22,19,821,134,2,1,,,
48,1,J.Lowrie,0,290,15,14,787,122,1,1,,,
48,2,Donaldsn,0,301,24,12,838,124,1,0,,,
48,3,B.Moss,1,256,30,20,871,123,1,0,,,
48,4,S.Smith,1,253,8,20,745,120,1,0,,,
48,5,Cespedes,0,240,26,22,841,126,2,0,,,
48,6,Reddick,1,226,12,24,764,127,2,0,,,
48,7,D.Norris,0,246,9,21,752,124,0,0,,,
48,8,E.Sogard,1,266,2,18,715,126,1,0,,,
48,9,C.Young,0,200,12,28,764,127,2,0,,,
48,10,J.Jaso,1,271,3,17,720,121,0,0,,,
48,11,Freiman,0,274,4,17,725,121,1,0,,,
48,12,Callaspo,1,270,5,17,732,120,1,1,,,
48,13,Rosales,0,191,4,29,725,120,1,0,,,
49,0,B.Revere,1,305,0,11,705,132,2,0,,,
49,1,Rollins,0,252,6,20,735,133,1,1,,,
49,2,C.Utley,1,284,18,15,806,127,1,0,,,
49,3,D.Ruf,0,247,14,21,784,120,1,0,,,
49,4,D.Brown,1,272,27,17,853,126,2,0,,,
49,5,C.Ruiz,0,268,5,18,730,121,0,0,,,
49,6,D.Young,0,261,8,19,745,120,2,0,,,
49,7,F.Galvis,1,234,6,23,735,123,1,1,,,
49,8,M.Young,0,276,8,16,745,123,1,0,,,
49,9,Mayberry,0,227,11,24,759,122,2,0,,,
49,10,R.Howard,1,266,11,18,770,121,1,0,,,
49,11,Frandsen,0,234,5,23,730,122,1,0,,,
49,12,E.Kratz,0,213,9,26,750,120,0,0,,,
49,13,C.Asche,1,235,5,23,730,122,1,0,,,
50,0,S.Marte,0,280,12,16,772,144,2,0,,,
50,1,N.Walker,0,251,16,20,788,122,1,1,,,
50,2,McCutchn,0,317,21,9,825,135,2,0,,,
50,3,G.Jones,1,233,15,23,783,123,1,0,,,
50,4,R.Martin,0,226,15,24,779,123,0,0,,,
50,5,Alvarez,1,233,36,23,895,123,1,0,,,
50,6,T.Snider,1,215,5,26,730,122,2,0,,,
50,7,C.Barmes,0,211,5,26,730,120,1,0,,,
50,8,J.Mercer,0,285,8,15,751,122,1,0,,,
50,9,J.Tabata,0,282,6,15,740,124,2,0,,,
50,10,Sanchez,0,254,7,20,741,121,1,0,,,
50,11,McKenry,0,217,3,25,720,120,0,0,,,
50,12,M.Byrd,0,318,3,8,733,120,2,0,,,
50,13,B.Inge,0,181,1,30,710,120,1,0,,,
51,0,Venable,1,268,22,18,827,136,2,0,,,
51,1,Denorfia,0,279,10,16,755,130,2,0,,,
51,2,J.Gyorko,0,249,23,21,826,121,1,0,,,
51,3,Headley,0,250,13,21,770,124,1,0,,,
51,4,J.Guzman,0,226,9,24,750,123,1,0,,,
51,5,K.Blanks,0,243,8,22,745,121,2,0,,,
51,6,Amarista,1,236,5,23,730,124,1,0,,,
51,7,Hundley,0,233,13,23,769,121,0,0,,,
51,8,Cabrera,1,283,4,15,725,141,1,1,,,
51,9,Y.Alonso,1,281,6,15,735,125,1,0,,,
51,10,Quentin,0,275,13,16,783,120,2,0,,,
51,11,Forsythe,0,214,6,26,735,125,1,0,,,
51,12,M.Kotsay,1,194,1,28,710,119,2,0,,,
51,13,R.Cedeno,0,268,2,18,715,123,1,0,,,
52,0,Jennings,0,252,14,20,778,132,2,0,,,
52,1,Zobrist,0,275,12,16,766,128,1,1,,,
52,2,W.Myers,0,293,13,13,781,123,2,0,,,
52,3,Longoria,0,269,32,17,878,123,1,0,,,
52,4,J.Loney,1,299,13,12,775,122,1,0,,,
52,5,Johnson,1,235,16,23,787,124,1,0,,,
52,6,M.Joyce,1,235,18,23,798,123,2,0,,,
52,7,Escobar,0,256,9,20,750,123,1,0,,,
52,8,J.Molina,0,233,2,23,715,121,0,0,,,
52,9,Lobaton,1,249,7,21,740,121,0,1,,,
52,10,L.Scott,1,241,9,22,753,122,1,0,,,
52,11,Rodrigez,0,246,5,21,730,120,2,0,,,
52,12,S.Fuld,1,199,2,28,715,127,2,0,,,
52,13,Roberts,0,247,5,21,730,119,1,0,,,
53,0,A.Gordon,1,265,20,18,808,129,2,0,,,
53,1,Bonifcio,0,285,0,15,705,132,1,1,,,
53,2,E.Hosmer,1,302,17,12,797,127,1,0,,,
53,3,B.Butler,0,289,15,14,782,120,1,0,,,
53,4,S.Perez,0,292,13,13,775,122,0,0,,,
53,5,L.Cain,0,251,4,20,725,128,2,0,,,
53,6,D.Lough,1,286,5,14,733,125,2,0,,,
53,7,Mostakas,1,233,12,23,764,120,1,0,,,
53,8,Escobar,0,234,4,23,725,138,1,0,,,
53,9,J.Dyson,1,258,2,19,715,142,2,0,,,
53,10,C.Getz,1,220,1,25,710,131,1,0,,,
53,11,Frncoeur,0,208,3,27,720,123,2,0,,,
53,12,Johnson,0,179,2,30,715,131,1,1,,,
53,13,M.Tejada,0,288,3,14,720,121,1,0,,,
54,0,B.Miller,1,265,8,18,748,125,1,0,,,
54,1,Franklin,1,225,12,24,764,125,1,1,,,
54,2,K.Seager,1,260,22,19,819,126,1,0,,,
54,3,Morales,0,277,23,16,827,120,1,1,,,
54,4,R.Ibanez,1,242,29,22,862,121,2,0,,,
54,5,J.Smoak,1,238,20,22,807,120,1,1,,,
54,6,Saunders,1,236,12,23,765,128,2,0,,,
54,7,M.Zunino,0,214,5,26,730,121,0,0,,,
54,8,D.Ackley,1,253,4,20,725,122,2,0,,,
54,9,M.Morse,0,226,13,24,772,120,2,0,,,
54,10,B.Ryan,0,192,3,29,720,122,1,0,,,
54,11,E.Chavez,1,267,2,18,715,120,2,0,,,
54,12,J.Bay,0,204,11,27,759,122,2,0,,,
54,13,Gutierez,0,248,10,21,769,122,2,0,,,
55,0,D.Span,1,279,4,16,725,136,2,0,,,
55,1,Zimmermn,0,275,26,16,844,126,1,0,,,
55,2,J.Werth,0,318,25,8,847,127,2,0,,,
55,3,B.Harper,1,274,20,17,817,127,2,0,,,
55,4,Desmond,0,280,20,16,813,133,1,0,,,
55,5,LaRoche,1,237,20,23,805,124,1,0,,,
55,6,W.Ramos,0,272,16,17,795,120,0,0,,,
55,7,A.Rendon,0,265,7,18,740,121,1,0,,,
55,8,Lmbrdzzi,0,259,2,19,715,122,1,1,,,
55,9,K.Suzuki,0,222,3,25,720,122,0,0,,,
55,10,T.Moore,0,222,4,25,725,120,2,0,,,
55,11,Brnadina,1,178,2,30,715,123,2,0,,,
55,12,Espinosa,1,158,3,32,720,121,1,1,,,
55,13,C.Tracy,1,202,4,27,725,119,1,0,,,
56,0,Carpentr,1,318,11,8,772,125,1,0,,,
56,1,Beltran,0,296,24,13,837,123,2,1,,,
56,2,Holliday,0,300,22,12,827,125,2,0,,,
56,3,M.Adams,1,284,17,15,804,120,1,0,,,
56,4,Y.Molina,0,319,12,8,776,121,0,0,,,
56,5,J.Jay,1,276,7,16,740,125,2,0,,,
56,6,D.Freese,0,262,9,19,750,121,1,0,,,
56,7,P.Kozma,0,217,1,25,710,122,1,0,,,
56,8,A.Craig,0,315,13,9,779,123,1,0,,,
56,9,Descalso,1,238,5,22,730,123,1,0,,,
56,10,Robinson,0,250,2,21,715,124,2,0,,,
56,11,T.Cruz,0,203,1,27,710,121,0,0,,,
56,12,Wiggintn,0,193,0,28,711,120,1,0,,,
56,13,K.Wong,1,169,0,31,705,122,1,0,,,
57,0,A.Pagan,0,282,5,15,733,126,2,1,,,
57,1,G.Blanco,1,265,3,18,720,127,2,0,,,
57,2,B.Belt,1,289,17,14,801,125,1,0,,,
57,3,B.Posey,0,294,15,13,788,122,0,0,,,
57,4,H.Pence,0,283,27,15,851,137,2,0,,,
57,5,Sandoval,1,278,14,16,778,121,1,1,,,
57,6,Crawford,1,248,9,21,750,122,1,0,,,
57,7,Scutaro,0,297,2,12,715,123,1,0,,,
57,8,A.Torres,0,250,2,21,715,122,2,1,,,
57,9,J.Arias,0,271,1,17,710,122,1,0,,,
57,10,T.Abreu,1,268,2,18,722,121,1,1,,,
57,11,Sanchez,0,248,3,21,720,120,0,1,,,
57,12,N.Noonan,1,219,0,25,705,120,1,0,,,
57,13,J.Perez,0,258,1,19,710,122,2,0,,,
58,0,J.Reyes,1,296,10,13,760,127,1,1,,,
58,1,Bautista,0,259,28,19,858,124,2,0,,,
58,2,Encrnacn,0,272,36,17,902,126,1,0,,,
58,3,A.Lind,1,288,23,14,833,122,1,0,,,
58,4,C.Rasmus,1,276,22,16,829,120,2,0,,,
58,5,JP.Arncb,0,194,21,28,809,119,0,0,,,
58,6,B.Lawrie,0,254,11,20,760,125,1,0,,,
58,7,R.Davis,0,260,6,19,735,148,2,0,,,
58,8,Izturis,0,236,5,23,730,119,1,1,,,
58,9,Cabrera,1,279,3,16,720,122,2,1,,,
58,10,Kawasaki,1,229,1,24,710,128,1,0,,,
58,11,M.DeRosa,0,235,7,23,742,121,1,0,,,
58,12,A.Gose,1,259,2,19,717,124,2,0,,,
58,13,M.Sierra,0,290,1,14,719,122,2,0,,,
59,0,Morneau,1,259,17,19,794,120,1,0,,,
59,1,B.Dozier,0,244,18,21,797,128,1,0,,,
59,2,R.Doumit,1,247,14,21,774,122,2,1,,,
59,3,Willnghm,0,208,14,27,774,121,2,0,,,
59,4,J.Mauer,1,324,11,7,771,120,0,0,,,
59,5,Plouffe,0,254,14,20,774,122,1,0,,,
59,6,O.Arcia,1,251,14,20,780,121,1,0,,,
59,7,C.Thomas,1,214,4,26,725,120,2,0,,,
59,8,Florimon,0,221,9,25,750,127,1,1,,,
59,9,Parmelee,1,228,8,24,745,121,2,0,,,
59,10,A.Hicks,1,192,8,29,745,127,2,1,,,
59,11,Carroll,0,230,0,24,705,122,1,0,,,
59,12,Colabelo,0,194,7,28,740,120,1,0,,,
59,13,Escobar,0,236,3,23,720,120,1,1,,,
60,0,Kinsler,0,277,13,16,772,124,1,0,,,
60,1,E.Andrus,0,271,4,17,725,146,1,0,,,
60,2,A.Rios,0,280,6,16,744,132,2,0,,,
60,3,A.Beltre,0,315,30,9,869,121,1,0,,,
60,4,Przynski,1,272,17,17,794,121,0,0,,,
60,5,N.Cruz,0,266,27,18,854,123,1,0,,,
60,6,Moreland,1,232,23,23,825,121,1,0,,,
60,7,C.Gentry,0,280,2,16,715,137,2,0,,,
60,8,L.Martin,1,260,8,19,745,142,2,0,,,
60,9,D.Murphy,1,220,13,25,769,120,2,0,,,
60,10,J.Profar,1,234,6,23,735,120,1,1,,,
60,11,Berkman,0,242,6,22,735,121,1,1,,,
60,12,G.Soto,0,245,9,21,760,120,0,0,,,
60,13,J.Baker,0,279,11,16,779,121,1,0,,,
:(pitchers),,,,,,,,,,,,,
31,14,M.Minor,5,1,3.21,159,173,195,4,6,48,115,141
31,15,K.Medlen,10,0,3.11,153,168,192,6,4,48,119,138
31,16,Teheran,5,0,3.2,148,168,199,7,5,48,120,137
31,17,T.Hudson,6,0,3.97,152,156,192,6,4,48,120,136
31,18,Kimbrel,4,0,1.21,154,176,216,10,7,15,115,141
31,19,Carpentr,1,0,1.78,146,176,208,8,5,15,116,141
31,20,J.Walden,6,0,3.45,147,178,209,8,5,15,115,141
31,21,L.Avilan,5,1,1.52,152,167,198,3,4,15,112,144
31,22,A.Wood,8,1,2.08,162,174,204,5,7,15,120,138
31,23,S.Downs,8,1,3.86,147,170,192,5,7,15,120,137
32,14,T.Wood,4,1,3.11,144,161,190,3,5,48,116,140
32,15,Samardzj,4,0,4.34,142,172,205,7,5,48,113,143
32,16,Jackson,5,0,4.98,159,178,199,6,4,48,120,136
32,17,Feldman,6,0,3.46,152,177,192,6,4,48,120,138
32,18,K.Gregg,0,0,3.48,134,162,196,7,5,15,113,143
32,19,H.Rondon,3,0,4.77,150,180,204,6,4,15,113,142
32,20,Russell,5,1,3.59,148,167,190,3,5,15,113,142
32,21,B.Parker,5,0,2.72,157,171,201,9,6,15,119,138
32,22,Vilanuva,3,0,3.03,151,169,193,7,5,15,120,136
32,23,M.Bowden,6,0,4.3,141,171,193,5,3,15,122,136
33,14,P.Corbin,6,1,3.41,140,168,198,4,6,48,112,144
33,15,W.Miley,3,1,3.55,158,171,195,3,5,48,113,143
33,16,McCarthy,5,0,4.53,156,171,190,5,3,48,120,137
33,17,T.Cahill,8,0,4.1,156,178,193,5,3,48,125,134
33,18,Colmentr,8,0,3.13,143,160,189,7,5,15,118,139
33,19,Ziegler,3,2,2.22,149,161,187,5,3,15,114,141
33,20,H.Bell,4,0,4.11,162,175,203,8,5,15,120,136
33,21,Hrnandez,1,0,4.48,164,177,207,8,5,15,120,138
33,22,W.Harris,10,0,2.91,159,166,200,7,5,15,119,138
33,23,T.Sipp,6,1,4.78,141,170,197,5,7,15,119,138
34,14,Tillman,11,0,3.71,154,177,197,7,5,48,113,143
34,15,Gonzalez,5,0,3.81,155,173,195,6,4,48,117,139
34,16,W.Y.Chen,4,1,4.07,145,171,196,3,5,48,120,137
34,17,J.Hammel,7,0,5.14,154,176,198,5,3,48,123,136
34,18,T.Hunter,3,0,2.81,163,185,206,6,4,15,113,143
34,19,McFarlnd,2,1,4,140,169,189,3,5,15,120,137
34,20,Johnson,6,0,2.94,160,181,202,6,4,15,120,138
34,21,D.ODay,0,2,2.18,134,162,186,7,5,15,119,138
34,22,T.Patton,0,1,3.7,153,171,190,3,5,15,119,138
34,23,B.Matusz,3,1,3.53,155,176,199,4,6,15,123,136
35,14,C.Sale,1,3,3.07,141,170,203,5,7,48,115,141
35,15,Quintana,2,1,3.51,159,179,196,4,6,48,112,143
35,16,J.Danks,2,1,4.75,145,164,190,3,5,48,118,139
35,17,Santiago,2,1,3.51,151,169,199,4,6,48,118,139
35,18,N.Jones,4,0,4.15,178,182,214,8,5,15,113,143
35,19,A.Reed,5,0,3.79,142,172,203,8,5,15,112,143
35,20,Lindstrm,4,0,3.12,149,180,204,6,4,15,120,136
35,21,J.Crain,10,0,0.74,145,173,208,9,6,15,119,138
35,22,Troncoso,6,0,4.5,155,172,197,5,3,15,120,137
35,23,D.Veal,4,1,4.6,155,170,200,5,7,15,120,137
36,14,CJWilson,4,1,3.39,155,175,197,4,6,48,113,143
36,15,J.Weaver,2,0,3.27,143,165,186,6,4,48,113,143
36,16,J.Vargas,4,1,4.02,152,165,188,3,5,48,117,139
36,17,Williams,2,0,5.06,156,173,195,5,3,48,120,138
36,18,delaRosa,3,0,2.86,144,174,204,7,5,15,115,141
36,19,E.Frieri,5,0,3.8,148,178,210,10,7,15,116,140
36,20,M.Kohn,2,0,3.74,163,177,204,7,5,15,113,143
36,21,Richards,14,0,4.1,156,177,204,6,4,15,112,143
36,22,K.Jepsen,7,0,4.5,166,170,208,7,5,15,112,143
36,23,S.Downs,7,1,1.84,148,172,188,3,5,15,117,139
37,14,Fernandz,4,0,2.19,163,176,207,8,5,48,114,142
37,15,Alvarez,4,0,3.59,131,174,198,5,3,48,114,142
37,16,Koehler,9,0,4.51,160,175,198,5,3,48,112,143
37,17,Eovaldi,8,0,3.39,155,177,206,6,4,48,120,138
37,18,R.Webb,1,0,2.91,143,173,196,5,3,15,115,141
37,19,A.Ramos,9,0,3.15,156,174,204,8,5,15,115,141
37,20,S.Cishek,3,2,2.33,145,175,192,8,5,15,114,141
37,21,M.Dunn,9,1,2.66,151,179,205,5,7,15,114,142
37,22,C.Qualls,0,0,2.61,149,179,189,6,4,15,120,137
37,23,Jennings,6,1,3.76,142,171,199,4,6,15,120,136
38,14,M.Latos,7,0,3.16,156,176,200,7,5,48,114,140
38,15,H.Bailey,4,0,3.49,159,180,204,7,5,48,112,143
38,16,B.Arroyo,0,0,3.79,140,159,185,5,3,48,112,145
38,17,M.Leake,7,0,3.37,157,171,192,5,3,48,117,139
38,18,A.Simon,0,0,2.87,133,160,202,6,4,15,115,140
38,19,J.Hoover,7,0,2.86,149,177,201,8,5,15,115,141
38,20,Chapman,11,1,2.54,159,192,222,7,11,15,114,141
38,21,S.LeCure,6,0,2.66,147,167,195,8,5,15,112,144
38,22,Ondrusek,4,0,4.09,139,168,203,7,5,15,117,139
38,23,M.Parra,1,1,3.33,165,171,205,5,8,15,120,137
39,14,J.Chacin,2,0,3.47,155,169,194,5,3,48,3,204
39,15,J.dlRosa,8,1,3.49,147,173,194,3,5,48,120,137
39,16,Nicasio,8,0,5.14,144,173,197,6,4,48,120,136
39,17,Chatwood,8,0,3.15,155,174,198,5,3,48,119,138
39,18,Ottavino,3,0,2.64,147,177,199,7,5,15,114,140
39,19,W.Lopez,0,0,4.06,142,171,196,5,3,15,112,143
39,20,Belisle,6,0,4.32,147,177,197,6,4,15,117,139
39,21,Brothers,6,1,1.74,148,178,204,5,7,15,120,137
39,22,J.Outman,4,1,4.33,138,170,200,4,6,15,120,137
39,23,Escalona,9,0,5.67,142,177,202,6,4,15,125,134
40,14,J.Lester,4,1,3.75,152,175,199,4,6,48,114,141
40,15,Buchholz,7,0,1.74,155,166,200,7,5,48,113,143
40,16,J.Lackey,6,0,3.52,159,174,197,6,4,48,112,145
40,17,Doubront,9,1,3.87,149,170,195,4,6,48,119,138
40,18,K.Uehara,0,0,1.09,142,171,198,10,7,15,115,141
40,19,J.Tazawa,10,0,3.16,147,178,203,8,5,15,116,140
40,20,Breslow,5,1,1.81,150,174,192,3,4,15,113,142
40,21,A.Miller,0,1,2.64,144,175,212,7,10,15,119,138
40,22,Mortensn,6,0,5.34,140,173,190,5,3,15,120,136
40,23,A.Bailey,6,0,3.77,155,181,208,10,7,15,122,136
41,14,Mastersn,3,2,3.52,146,176,202,7,5,48,114,140
41,15,Jimenez,4,0,3.3,155,173,201,8,5,48,113,143
41,16,S.Kazmir,6,1,4.04,152,170,201,5,7,48,112,144
41,17,C.Kluber,1,0,3.92,165,183,201,7,5,48,117,139
41,18,B.Shaw,10,0,3.24,160,170,202,7,5,15,115,141
41,19,C.Allen,5,0,2.43,170,174,210,9,6,15,116,141
41,20,J.Smith,0,2,2.29,139,168,190,7,5,15,113,143
41,21,M.Albers,3,0,3.14,162,179,198,5,3,15,113,143
41,22,C.Perez,0,0,4.33,140,169,201,7,5,15,112,145
41,23,R.Hill,8,1,6.28,149,171,201,5,8,15,120,136
42,14,J.Lyles,8,0,5.57,159,177,196,5,3,48,112,145
42,15,E.Bedard,7,1,4.77,152,158,195,4,6,48,117,139
42,16,Keuchel,4,1,4.9,148,164,192,3,5,48,117,139
42,17,B.Norris,5,0,3.93,145,175,198,6,4,48,117,139
42,18,Clemens,10,0,6.36,154,173,202,6,4,15,116,140
42,19,Cisnero,5,0,4.12,160,175,201,7,5,15,115,141
42,20,J.Veras,6,0,2.93,153,157,181,8,5,15,116,141
42,21,W.Wright,4,0,3.92,156,173,195,7,5,15,120,137
42,22,Harrell,6,0,5.49,162,181,193,3,2,15,120,138
42,23,J.Fields,9,0,4.97,158,183,204,8,5,15,125,134
43,14,D.Gee,9,0,3.62,150,171,191,6,4,48,120,138
43,15,M.Harvey,4,0,2.27,167,184,210,8,5,48,120,136
43,16,J.Niese,7,1,3.71,151,171,193,3,5,48,122,137
43,17,J.Hefner,9,0,4.23,153,174,195,6,4,48,125,134
43,18,Hawkins,7,0,2.93,156,179,199,6,4,15,113,142
43,19,S.Rice,3,1,3.71,138,167,191,3,5,15,116,141
43,20,Parnell,6,0,2.16,167,187,205,7,5,15,114,142
43,21,Atchison,9,0,4.37,157,178,194,5,3,15,113,142
43,22,Aardsma,5,0,4.31,141,172,197,7,5,15,112,144
43,23,C.Torres,9,0,1.47,156,180,195,5,3,15,120,138
44,14,K.Lohse,9,0,3.35,148,172,191,5,3,48,114,142
44,15,Peralta,9,0,4.37,143,174,203,6,4,48,117,139
44,16,Gallardo,8,0,4.18,156,177,196,6,4,48,119,138
44,17,Estrada,7,0,3.87,155,159,193,7,5,48,120,138
44,18,Kintzler,3,0,2.69,148,178,198,6,4,15,114,141
44,19,Badenhop,0,0,3.47,137,165,190,5,3,15,113,143
44,20,Hendrson,0,0,2.7,146,175,211,9,6,15,112,143
44,21,J.Axford,9,0,4.45,158,172,206,7,5,15,120,137
44,22,Gonzalez,9,1,4.68,140,169,200,5,8,15,120,137
44,23,A.Figaro,6,0,2.94,145,175,205,5,3,15,120,136
45,14,Kershaw,9,1,1.83,147,175,201,5,7,48,112,143
45,15,H.Ryu,8,1,3,144,167,195,3,5,48,112,145
45,16,Greinke,6,0,2.63,145,177,197,6,4,48,119,138
45,17,Nolasco,7,0,3.56,149,169,195,7,5,48,122,137
45,18,K.Jansen,0,0,1.88,139,168,208,10,7,15,113,143
45,19,Belsario,1,0,3.97,149,180,202,6,4,15,112,143
45,20,J.Howell,5,1,2.18,138,166,189,4,6,15,117,139
45,21,Rodrigez,2,1,2.32,160,179,197,5,8,15,117,139
45,22,B.League,0,0,5.3,146,176,199,4,3,15,119,138
45,23,B.Wilson,2,0,0.66,161,181,200,7,5,15,120,138
46,14,Sabathia,1,1,4.78,151,174,196,4,6,48,114,142
46,15,H.Kuroda,3,0,3.31,154,172,194,6,4,48,112,145
46,16,Pettitte,2,1,3.74,150,169,190,3,5,48,118,139
46,17,P.Hughes,8,0,4.95,150,173,199,6,4,48,120,138
46,18,A.Warren,6,0,3.52,159,175,200,6,4,15,116,141
46,19,Robertsn,9,0,2.04,162,179,202,8,5,15,114,141
46,20,M.Rivera,0,0,2.11,156,168,198,6,4,15,114,142
46,21,S.Kelley,0,0,4.39,140,168,203,10,7,15,114,142
46,22,Claiborn,6,0,4.11,147,177,200,6,4,15,113,143
46,23,Chambrln,5,0,4.93,161,175,204,7,5,15,118,139
47,14,Sanchez,4,0,2.57,158,176,203,8,5,48,114,142
47,15,Scherzer,2,0,2.9,155,173,204,8,5,48,117,139
47,16,Verlandr,7,0,3.46,158,177,204,7,5,48,118,139
47,17,D.Fister,10,0,3.68,147,175,190,6,4,48,119,138
47,18,D.Smyly,2,1,2.37,135,163,198,5,7,15,112,144
47,19,J.Benoit,2,0,2.01,143,180,205,8,5,15,118,139
47,20,Alburquq,0,0,4.59,147,177,211,10,7,15,118,139
47,21,P.Coke,3,1,5.4,142,171,200,3,5,15,120,136
47,22,D.Downs,8,1,4.84,149,174,196,5,7,15,120,136
47,23,Putkonen,7,0,3.03,156,172,204,7,5,15,120,136
48,14,B.Colon,5,0,2.65,140,170,194,5,3,48,114,140
48,15,Straily,4,0,3.96,150,171,194,6,4,48,114,142
48,16,S.Gray,9,0,2.85,159,177,202,8,5,48,117,139
48,17,Griffin,8,0,3.83,136,166,191,7,5,48,120,138
48,18,Dolittle,4,1,3.13,160,173,203,4,6,15,116,140
48,19,R.Cook,1,0,2.54,147,177,205,7,5,15,116,140
48,20,Balfour,3,0,2.59,165,181,205,8,5,15,115,141
48,21,Blevins,5,1,3.15,145,173,190,4,6,15,114,140
48,22,J.Chavez,8,0,3.92,151,175,200,7,5,15,114,142
48,23,P.Neshek,4,2,3.35,119,166,188,6,4,15,120,137
49,14,C.Lee,9,1,2.87,149,172,197,5,7,48,114,141
49,15,C.Hamels,4,1,3.6,153,171,197,4,6,48,115,141
49,16,Petibone,4,1,4.04,141,176,193,3,5,48,112,143
49,17,Kendrick,4,0,4.7,140,169,184,5,3,48,120,138
49,18,Papelbon,0,0,2.92,129,156,199,7,5,15,116,141
49,19,J.Fratus,2,0,3.86,146,176,201,7,5,15,115,141
49,20,Bastardo,8,1,2.32,147,177,200,5,7,15,114,142
49,21,Diekman,4,1,2.58,145,175,209,5,7,15,113,142
49,22,L.Garcia,2,0,3.73,167,172,201,6,4,15,112,144
49,23,R.Valdes,0,1,5.74,155,158,189,5,7,15,112,145
50,14,Burnett,0,0,3.3,149,179,202,8,5,48,114,140
50,15,J.Locke,5,1,3.52,159,166,194,3,5,48,113,142
50,16,Liriano,4,1,3.02,147,178,202,5,7,48,112,144
50,17,G.Cole,2,0,3.22,148,178,206,6,4,48,120,138
50,18,J.Wilson,6,1,2.08,156,178,204,3,5,15,115,141
50,19,Mazzaro,3,0,2.81,148,179,198,5,3,15,116,140
50,20,T.Watson,6,1,2.39,146,175,187,3,5,15,114,141
50,21,Melancon,10,0,1.39,163,178,201,7,5,15,120,136
50,22,B.Morris,5,0,3.46,168,183,199,5,3,15,122,137
50,23,J.Grilli,6,0,2.7,144,174,208,11,7,15,124,151
51,14,E.Stults,6,1,3.93,132,161,185,3,5,48,119,138
51,15,Cashner,2,0,3.04,155,172,202,6,4,48,119,138
51,16,Volquez,7,0,6.01,158,170,198,6,4,48,119,138
51,17,Marquis,1,0,4.05,132,165,184,5,3,48,122,137
51,18,Stauffer,8,0,3.75,148,177,198,7,5,15,112,144
51,19,Gregersn,4,2,2.71,149,167,191,7,5,15,114,141
51,20,D.Thayer,1,0,3.32,141,170,202,7,5,15,112,143
51,21,H.Street,4,0,2.7,139,171,189,6,4,15,112,143
51,22,Vincent,1,0,2.14,142,179,195,8,5,15,118,139
51,23,A.Bass,4,0,5.36,145,177,197,6,4,15,119,138
52,14,D.Price,3,1,3.33,159,176,201,3,5,48,113,143
52,15,Helicksn,9,0,5.24,152,163,194,6,4,48,112,144
52,16,M.Moore,5,1,3.29,143,172,200,4,6,48,112,145
52,17,A.Cobb,10,0,2.76,159,176,196,7,5,48,118,139
52,18,Peralta,4,0,3.41,157,161,196,8,5,15,116,141
52,19,J.Wright,9,0,3.03,155,171,194,7,5,15,116,140
52,20,C.Ramos,9,1,4.14,140,173,197,3,5,15,114,142
52,21,F.Rodney,4,0,3.38,143,173,212,9,6,15,112,145
52,22,J.McGee,0,1,4.02,147,177,212,5,8,15,120,138
52,23,A.Torres,4,1,1.71,144,174,201,5,7,15,119,138
53,14,Shields,6,0,3.15,159,180,199,7,5,48,116,140
53,15,Guthrie,3,0,4.04,149,175,196,4,3,48,112,144
53,16,Santana,6,0,3.24,146,175,198,6,4,48,120,137
53,17,W.Davis,5,0,5.67,163,177,199,6,4,48,120,136
53,18,Hochevar,8,0,1.92,159,178,209,9,6,15,115,141
53,19,Holland,3,0,1.21,165,179,215,11,7,15,112,144
53,20,Herrera,7,0,3.86,162,177,215,9,6,15,112,144
53,21,Collins,11,1,3.54,148,172,202,4,6,15,112,144
53,22,A.Crow,8,0,3.38,166,178,204,7,5,15,120,138
53,23,B.Chen,6,1,2.41,146,168,184,3,5,15,119,138
54,14,Iwakuma,5,0,2.66,144,166,193,6,4,48,117,139
54,15,Hernandz,8,0,3.04,161,181,200,8,5,48,118,139
54,16,Saunders,6,1,5.26,150,168,190,3,4,48,119,138
54,17,A.Harang,5,0,5.76,149,171,192,6,4,48,120,138
54,18,Y.Medina,5,0,2.91,169,178,204,8,5,15,116,140
54,19,Furbush,1,1,3.74,157,171,202,5,8,15,112,143
54,20,Wilhlmsn,11,0,4.12,156,182,206,6,4,15,112,143
54,21,C.Capps,2,0,5.49,163,176,209,8,5,15,118,139
54,22,Farquhar,6,0,4.2,157,175,210,10,7,15,118,139
54,23,O.Perez,5,1,3.74,162,166,203,6,9,15,119,138
55,14,Zimmrman,8,0,3.25,155,179,202,6,4,48,114,142
55,15,Gonzalez,9,1,3.36,157,172,201,4,6,48,112,144
55,16,Strasbrg,8,0,3,160,181,207,8,5,48,120,137
55,17,D.Haren,4,0,4.7,157,161,192,7,5,48,120,137
55,18,Stammen,7,0,2.76,161,175,198,7,5,15,116,141
55,19,Clippard,8,0,2.41,136,164,200,8,5,15,113,142
55,20,Soriano,0,0,3.11,143,172,197,6,4,15,112,143
55,21,D.Storen,1,0,4.52,148,179,203,7,5,15,117,139
55,22,F.Abad,2,1,3.35,156,160,201,4,6,15,119,138
55,23,Mattheus,0,0,6.37,139,167,197,5,3,15,119,138
56,14,Wnwright,9,0,2.94,150,172,197,7,5,48,112,143
56,15,L.Lynn,7,0,3.97,158,179,201,7,5,48,112,143
56,16,S.Miller,5,0,3.06,159,174,203,7,5,48,112,144
56,17,Wstbrook,3,0,3.9,158,166,178,3,2,48,119,138
56,18,Rosnthal,6,0,2.63,162,183,214,10,7,15,116,141
56,19,E.Mujica,0,0,2.78,141,170,197,6,4,15,113,142
56,20,S.Maness,5,0,2.32,159,172,192,5,3,15,112,145
56,21,Siegrist,1,1,0.45,161,175,209,5,8,15,120,137
56,22,J.Kelly,6,0,3.65,162,173,205,7,5,15,120,136
56,23,R.Choate,0,3,2.29,129,156,182,3,5,15,119,138
57,14,Bumgarnr,4,1,2.77,153,179,198,5,7,48,112,143
57,15,Lincecum,8,0,4.37,153,171,195,7,5,48,114,142
57,16,M.Cain,5,0,4,159,177,196,7,5,48,114,142
57,17,B.Zito,10,1,5.55,142,159,177,3,4,48,114,140
57,18,S.Romo,1,0,2.54,139,167,190,7,5,15,116,140
57,19,G.Kontos,6,0,4.39,144,173,195,6,4,15,116,140
57,20,J.Machi,0,0,2.38,156,168,191,7,5,15,115,140
57,21,Casilla,8,0,2.16,160,181,200,6,4,15,115,141
57,22,Mijares,7,1,4.22,152,170,197,5,7,15,115,141
57,23,Rosario,5,0,3.02,146,176,197,5,3,15,112,143
58,14,R.Dickey,0,0,4.21,156,168,175,6,4,48,114,142
58,15,Buehrle,5,1,4.15,146,162,179,3,5,48,114,142
58,16,E.Rogers,4,0,4.89,162,178,200,6,4,48,113,143
58,17,J.Happ,6,1,4.56,153,172,196,4,6,48,116,140
58,18,A.Loup,1,3,2.47,136,164,196,3,5,15,115,141
58,19,B.Cecil,6,1,2.82,164,174,199,5,7,15,116,140
58,20,Delabar,1,0,3.22,147,177,210,10,7,15,115,141
58,21,Janssen,7,0,2.56,149,173,195,7,5,15,112,145
58,22,D.Oliver,4,1,3.86,140,169,189,4,6,15,116,140
58,23,N.Wagner,1,0,3.79,145,176,206,7,5,15,115,141
59,14,Correia,5,0,4.18,156,180,192,4,3,48,114,142
59,15,Pelfrey,3,0,5.19,151,177,197,5,3,48,114,142
59,16,Diamond,1,1,5.43,163,171,186,2,3,48,112,143
59,17,A.Albers,5,1,4.05,135,165,182,2,3,48,120,138
59,18,Swarzak,3,0,2.91,164,170,197,6,4,15,115,141
59,19,Pressly,4,0,3.87,162,177,199,5,3,15,115,141
59,20,J.Burton,2,0,3.82,148,178,199,7,5,15,114,141
59,21,Perkins,4,1,2.3,147,177,209,5,8,15,114,142
59,22,C.Fien,2,0,3.92,156,176,200,9,6,15,120,137
59,23,Roenicke,8,0,4.35,153,170,196,6,4,15,120,136
60,14,Holland,2,1,3.42,152,171,201,4,6,48,114,142
60,15,Darvish,11,0,2.83,134,178,205,10,7,48,114,142
60,16,M.Perez,5,1,3.62,155,174,198,3,5,48,112,143
60,17,A.Ogando,6,0,3.23,145,175,199,5,3,48,120,138
60,18,Schepers,4,0,1.88,167,184,206,6,4,15,115,141
60,19,J.Nathan,5,0,1.39,161,177,202,8,5,15,115,141
60,20,R.Ross,0,1,3.03,151,175,200,4,6,15,114,141
60,21,N.Cotts,5,1,1.11,163,179,201,5,7,15,114,142
60,22,J.Frasor,1,0,2.57,146,176,201,7,5,15,120,137
60,23,J.Ortiz,14,1,4.23,156,170,192,3,4,15,120,136
