yearID,teamID,lgID,playerID,G_all,GS,G_batting,G_defense,G_p,G_c,G_1b,G_2b,G_3b,G_ss,G_lf,G_cf,G_rf,G_of,G_dh,G_ph,G_pr
2019,SFN,NL,abadfe01,21,0,18,21,21,0,0,0,0,0,0,0,0,0,0,0,0
2019,HOU,AL,abreubr01,7,0,0,7,7,0,0,0,0,0,0,0,0,0,0,0,0
2019,CHA,AL,abreujo02,159,159,159,125,0,0,125,0,0,0,0,0,0,0,34,0,0
2019,ATL,NL,acunaro01,156,154,156,156,0,0,0,0,0,0,46,100,35,156,0,2,0
2019,SFN,NL,adamecr01,10,5,10,7,0,0,0,4,3,0,0,0,0,0,0,4,1
2019,TBA,AL,adamewi01,152,145,152,152,0,0,0,0,0,152,0,0,0,0,0,2,0
2019,TOR,AL,adamja01,23,0,3,23,23,0,0,0,0,0,0,0,0,0,0,0,0
2019,DET,AL,adamsau01,13,0,1,13,13,0,0,0,0,0,0,0,0,0,0,0,0
2019,MIN,AL,adamsau01,2,0,0,2,2,0,0,0,0,0,0,0,0,0,0,0,0
2019,SEA,AL,adamsau02,29,2,3,29,29,0,0,0,0,0,0,0,0,0,0,0,0
2019,WAS,NL,adamsau02,1,0,1,1,1,0,0,0,0,0,0,0,0,0,0,0,0
2019,NYA,AL,adamsch01,13,0,0,13,13,0,0,0,0,0,0,0,0,0,0,0,0
2019,WAS,NL,adamsma01,111,71,111,79,0,0,79,0,0,0,0,0,0,0,0,33,1
2019,CHN,NL,adducji02,2,1,2,1,0,0,0,0,0,0,0,0,1,1,0,1,0
2019,MIN,AL,adriaeh01,84,54,83,78,1,0,20,7,24,24,1,0,6,7,0,11,8
2019,PIT,NL,agrazda01,15,14,14,15,15,0,0,0,0,0,0,0,0,0,0,0,0
2019,MIL,NL,aguilje01,94,52,94,61,0,0,60,0,2,0,0,0,0,0,0,35,0
2019,TBA,AL,aguilje01,37,26,37,15,0,0,15,0,0,0,0,0,0,0,13,9,0
2019,ARI,NL,ahmedni01,158,155,158,158,0,0,0,0,0,158,0,0,0,0,0,2,0
2019,CIN,NL,alanirj01,8,0,8,8,8,0,0,0,0,0,0,0,0,0,0,0,0
2019,SEA,AL,alanirj01,4,0,0,4,4,0,0,0,0,0,0,0,0,0,0,0,0
2019,BAL,AL,alberha01,139,127,139,132,1,0,0,90,66,0,3,0,1,4,1,7,2
2019,MIL,NL,alberma01,67,0,63,67,67,0,0,0,0,0,0,0,0,0,0,0,0
2019,ATL,NL,albieoz01,160,157,160,158,0,0,0,158,0,0,0,0,0,0,0,2,0
2019,MIN,AL,alcaljo01,2,0,0,2,2,0,0,0,0,0,0,0,0,0,0,0,0
2019,MIA,NL,alcansa01,32,32,31,32,32,0,0,0,0,0,0,0,0,0,0,0,0
2019,DET,AL,alcanvi01,46,0,7,46,46,0,0,0,0,0,0,0,0,0,0,0,0
2019,LAN,NL,alexasc01,28,0,27,28,28,0,0,0,0,0,0,0,0,0,0,0,0
2019,DET,AL,alexaty01,13,8,0,13,13,0,0,0,0,0,0,0,0,0,0,0,0
2019,MIA,NL,alfarjo01,130,113,130,119,0,118,1,0,0,0,0,0,0,0,1,14,0
2019,TOR,AL,alforan01,16,5,16,13,0,0,0,0,0,0,6,2,5,13,2,5,3
2019,TEX,AL,allarko01,9,9,1,9,9,0,0,0,0,0,0,0,0,0,0,0,0
2019,SDN,NL,allenau01,34,14,34,21,0,19,2,0,0,0,0,0,0,0,0,17,0
2019,LAA,AL,allenco01,25,0,1,25,25,0,0,0,0,0,0,0,0,0,0,0,0
2019,CLE,AL,allengr01,89,58,89,84,0,0,0,0,0,0,60,18,13,84,0,17,5
2019,CLE,AL,allenlo01,1,0,0,1,1,0,0,0,0,0,0,0,0,0,0,0,0
2019,SDN,NL,allenlo01,8,4,7,8,8,0,0,0,0,0,0,0,0,0,0,0,0
2019,ARI,NL,almonab01,17,7,17,12,0,0,0,0,0,0,0,3,9,12,0,6,1
2019,COL,NL,almonye01,28,0,27,28,28,0,0,0,0,0,0,0,0,0,0,0,0
2019,CHN,NL,almoral01,130,80,130,125,0,0,0,0,0,0,0,125,0,125,0,21,1
2019,NYN,NL,alonspe01,161,153,161,156,0,0,156,0,0,0,0,0,0,0,1,7,0
2019,CHA,AL,alonsyo01,67,61,67,21,0,0,21,0,0,0,0,0,0,0,42,6,0
2019,COL,NL,alonsyo01,54,10,54,11,0,0,11,0,0,0,0,0,0,0,0,43,0
2019,SEA,AL,altavda01,17,0,2,17,17,0,0,0,0,0,0,0,0,0,0,0,0
2019,NYN,NL,altheaa01,26,5,26,20,0,0,0,0,0,0,13,8,2,20,0,9,4
2019,PHI,NL,altheaa01,22,3,22,12,1,0,0,0,0,0,1,8,4,11,0,11,3
2019,SFN,NL,altheaa01,1,0,1,0,0,0,0,0,0,0,0,0,0,0,0,1,0
2019,HOU,AL,altuvjo01,124,121,124,121,0,0,0,121,0,1,0,0,0,0,2,2,0
2019,PHI,NL,alvarjo02,67,1,62,67,67,0,0,0,0,0,0,0,0,0,0,0,0
2019,TBA,AL,alvarjo03,35,1,4,35,35,0,0,0,0,0,0,0,0,0,0,0,0
2019,HOU,AL,alvaryo01,87,83,87,10,0,0,0,0,0,0,10,0,0,10,74,4,0
2019,CHN,NL,alzolad01,4,2,4,4,4,0,0,0,0,0,0,0,0,0,0,0,0
2019,OAK,AL,anderbr04,31,31,3,31,31,0,0,0,0,0,0,0,0,0,0,0,0
2019,MIA,NL,anderbr06,126,120,126,119,0,0,0,0,67,0,0,0,55,55,1,6,0
2019,MIL,NL,anderch01,33,27,31,32,32,0,0,0,0,0,0,0,0,0,0,0,1
2019,CLE,AL,anderco01,5,2,0,5,5,0,0,0,0,0,0,0,0,0,0,0,0
2019,PHI,NL,anderdr02,2,0,2,2,2,0,0,0,0,0,0,0,0,0,0,0,0
2019,LAA,AL,anderju01,54,0,5,54,54,0,0,0,0,0,0,0,0,0,0,0,0
2019,MIA,NL,anderni01,45,0,41,45,45,0,0,0,0,0,0,0,0,0,0,0,0
2019,TBA,AL,anderni01,23,0,3,23,23,0,0,0,0,0,0,0,0,0,0,0,0
2019,SFN,NL,andersh01,28,16,25,28,28,0,0,0,0,0,0,0,0,0,0,0,0
2019,OAK,AL,anderta01,6,5,1,5,5,0,0,0,0,0,0,0,0,0,0,1,0
2019,CHA,AL,anderti01,123,122,123,122,0,0,0,0,0,122,0,0,0,0,1,0,1
2019,COL,NL,anderty01,5,5,5,5,5,0,0,0,0,0,0,0,0,0,0,0,0
2019,ARI,NL,andrima01,54,0,51,54,54,0,0,0,0,0,0,0,0,0,0,0,0
2019,TEX,AL,andruel01,147,147,147,146,0,0,0,0,0,146,0,0,0,0,1,0,0
2019,NYA,AL,andujmi01,12,12,12,4,0,0,0,0,4,0,0,0,0,0,8,0,0
2019,CIN,NL,aquinar01,56,53,56,54,0,0,1,0,0,0,0,0,54,54,0,2,0
2019,PHI,NL,aranovi01,3,0,3,3,3,0,0,0,0,0,0,0,0,0,0,0,0
2019,BAL,AL,araujpe01,1,0,0,1,1,0,0,0,0,0,0,0,0,0,0,0,0
2019,PIT,NL,archech01,23,23,22,23,23,0,0,0,0,0,0,0,0,0,0,0,0
2019,MIL,NL,arciaor01,152,139,152,150,0,0,0,0,0,150,0,0,0,0,0,5,1
2019,COL,NL,arenano01,155,151,155,154,0,0,0,0,154,0,0,0,0,0,0,2,0
2019,HOU,AL,armenro01,5,2,0,5,5,0,0,0,0,0,0,0,0,0,0,0,0
2019,BAL,AL,armstsh01,51,0,4,51,51,0,0,0,0,0,0,0,0,0,0,0,0
2019,SEA,AL,armstsh01,4,0,0,4,4,0,0,0,0,0,0,0,0,0,0,0,0
2019,SLN,NL,arozara01,19,4,19,11,0,0,0,0,0,0,1,5,6,11,0,5,6
2019,MIN,AL,arraelu01,92,82,92,85,0,0,0,49,17,8,21,0,0,21,5,5,1
2019,PHI,NL,arrieja01,24,24,23,24,24,0,0,0,0,0,0,0,0,0,0,0,0
2019,TBA,AL,arroych01,16,14,16,14,0,0,0,1,13,0,0,0,0,0,0,2,0
2019,KCA,AL,arteahu01,41,33,41,39,1,0,0,2,1,36,0,0,0,0,0,2,0
2019,MIN,AL,astudwi01,58,46,58,55,0,21,15,2,13,0,3,0,6,8,2,6,1
2019,MIL,NL,austity01,17,3,17,9,0,0,9,0,0,0,0,0,0,0,0,12,0
2019,MIN,AL,austity01,2,1,2,2,0,0,2,0,0,0,0,0,0,0,0,1,0
2019,SFN,NL,austity01,70,28,70,36,0,0,12,0,0,0,22,0,3,25,1,42,0
2019,SFN,NL,aveliab01,4,2,4,2,0,0,0,0,0,1,1,0,0,1,0,2,0
2019,ARI,NL,avilaal01,63,49,63,55,2,54,0,0,0,0,0,0,0,0,0,9,0
2019,NYN,NL,avilalu01,45,0,43,45,45,0,0,0,0,0,0,0,0,0,0,0,0
2019,SDN,NL,avilape01,1,1,1,1,1,0,0,0,0,0,0,0,0,0,0,0,0
2019,SLN,NL,baderha01,128,95,128,122,0,0,0,0,0,0,0,122,0,122,0,11,4
2019,CHN,NL,baezja01,138,131,138,130,0,0,0,0,1,129,0,0,0,0,2,3,4
2019,SDN,NL,baezmi01,24,1,23,24,24,0,0,0,0,0,0,0,0,0,0,0,0
2019,LAN,NL,baezpe01,71,0,66,71,71,0,0,0,0,0,0,0,0,0,0,0,0
2019,DET,AL,baezsa01,1,0,0,1,1,0,0,0,0,0,0,0,0,0,0,0,0
2019,KCA,AL,baileho02,18,18,1,18,18,0,0,0,0,0,0,0,0,0,0,0,0
2019,OAK,AL,baileho02,13,13,2,13,13,0,0,0,0,0,0,0,0,0,0,0,0
2019,TBA,AL,bandaan01,3,0,0,3,3,0,0,0,0,0,0,0,0,0,0,0,0
2019,CHA,AL,banuema01,16,8,1,16,16,0,0,0,0,0,0,0,0,0,0,0,0
2019,LAA,AL,bardlu01,32,3,2,32,32,0,0,0,0,0,0,0,0,0,0,0,0
2019,KCA,AL,barlosc01,61,0,3,61,61,0,0,0,0,0,0,0,0,0,0,0,0
2019,LAN,NL,barneau01,75,62,75,65,0,64,0,1,0,0,0,0,0,0,0,12,0
2019,KCA,AL,barneja01,15,0,1,15,15,0,0,0,0,0,0,0,0,0,0,0,0
2019,MIL,NL,barneja01,18,1,16,18,18,0,0,0,0,0,0,0,0,0,0,0,0
2019,BOS,AL,barnema01,70,0,8,70,70,0,0,0,0,0,0,0,0,0,0,0,0
2019,CHN,NL,barneto01,2,0,2,2,2,0,0,0,0,0,0,0,0,0,0,0,0
2019,CIN,NL,barnhtu01,114,87,114,103,0,102,3,0,0,0,0,0,0,0,0,24,0
2019,PIT,NL,baronst01,7,2,7,5,0,5,0,0,0,0,0,0,0,0,0,2,0
2019,SFN,NL,barraky01,10,0,9,10,10,0,0,0,0,0,0,0,0,0,0,0,0
2019,WAS,NL,barraky01,33,0,32,33,33,0,0,0,0,0,0,0,0,0,0,0,0
2019,WAS,NL,barreaa01,3,0,2,3,3,0,0,0,0,0,0,0,0,0,0,0,0
2019,OAK,AL,barrefr02,23,14,23,21,0,0,0,17,0,5,0,0,0,0,0,0,4
2019,NYA,AL,barreja01,2,0,0,2,2,0,0,0,0,0,0,0,0,0,0,0,0
2019,WAS,NL,barretr01,2,0,2,1,0,1,0,0,0,0,0,0,0,0,0,1,0
2019,LAA,AL,barrija01,19,13,1,19,19,0,0,0,0,0,0,0,0,0,0,0,0
2019,NYN,NL,bashlty01,24,0,24,24,24,0,0,0,0,0,0,0,0,0,0,0,0
2019,SEA,AL,bassan01,44,0,3,44,44,0,0,0,0,0,0,0,0,0,0,0,0
2019,OAK,AL,bassich01,28,25,3,28,28,0,0,0,0,0,0,0,0,0,0,0,0
2019,CLE,AL,bauerja01,117,106,117,78,0,0,31,0,0,0,53,0,0,53,35,7,1
2019,CIN,NL,bauertr01,10,10,9,10,10,0,0,0,0,0,0,0,0,0,0,0,0
2019,CLE,AL,bauertr01,24,24,2,24,24,0,0,0,0,0,0,0,0,0,0,0,0
2019,SEA,AL,bautige01,8,2,0,8,8,0,0,0,0,0,0,0,0,0,0,0,0
2019,LAN,NL,beatyma01,99,57,99,75,0,0,35,0,9,0,34,0,2,35,2,32,1
2019,DET,AL,beckhgo01,83,56,83,66,0,0,4,39,5,18,0,0,0,0,12,8,12
2019,SEA,AL,beckhti01,88,81,88,75,0,0,5,8,10,41,13,0,0,13,10,3,2
2019,SDN,NL,bednada01,13,0,13,13,13,0,0,0,0,0,0,0,0,0,0,0,0
2019,LAA,AL,bedroca01,59,7,6,59,59,0,0,0,0,0,0,0,0,0,0,0,0
2019,SFN,NL,beedety01,25,22,25,24,24,0,0,0,0,0,0,0,0,0,0,1,0
2019,TBA,AL,beeksja01,34,3,4,33,33,0,0,0,0,0,0,0,0,0,0,1,0
2019,LAN,NL,bellico01,156,151,156,153,0,0,36,0,0,0,0,25,115,136,0,3,0
2019,PIT,NL,belljo02,143,140,143,134,0,0,134,0,0,0,0,0,0,0,7,3,0
2019,SFN,NL,beltbr01,156,134,156,151,0,0,144,0,0,0,14,0,1,15,1,19,0
2019,LAA,AL,bemboan01,22,15,22,22,0,22,0,0,0,0,0,0,0,0,0,0,0
2019,TBA,AL,bemboan01,3,2,3,3,0,3,0,0,0,0,0,0,0,0,0,0,0
2019,BOS,AL,beninan01,138,134,138,136,0,0,0,0,0,0,131,12,0,136,1,2,1
2019,SFN,NL,bergetr01,21,0,21,21,21,0,0,0,0,0,0,0,0,0,0,0,0
2019,MIN,AL,berrijo01,32,32,2,32,32,0,0,0,0,0,0,0,0,0,0,0,0
2019,MIA,NL,bertijo01,73,60,73,68,0,0,0,0,20,32,7,21,1,28,0,6,3
2019,NYA,AL,betande01,1,0,0,1,1,0,0,0,0,0,0,0,0,0,0,0,0
2019,COL,NL,bettich01,39,3,35,39,39,0,0,0,0,0,0,0,0,0,0,0,0
2019,BOS,AL,bettsmo01,150,148,150,143,0,0,0,0,0,0,0,17,132,143,7,0,1
2019,HOU,AL,biagijo01,13,0,1,13,13,0,0,0,0,0,0,0,0,0,0,0,0
2019,TOR,AL,biagijo01,50,0,2,50,50,0,0,0,0,0,0,0,0,0,0,0,0
2019,TOR,AL,bichebo01,46,46,46,42,0,0,0,0,0,42,0,0,0,0,4,0,0
2019,ATL,NL,biddlje01,15,0,13,15,15,0,0,0,0,0,0,0,0,0,0,0,0
2019,SEA,AL,biddlje01,11,0,0,11,11,0,0,0,0,0,0,0,0,0,0,0,0
2019,TEX,AL,biddlje01,4,0,0,4,4,0,0,0,0,0,0,0,0,0,0,0,0
2019,CLE,AL,biebesh01,34,33,2,34,34,0,0,0,0,0,0,0,0,0,0,0,0
2019,TOR,AL,biggica01,100,98,100,96,0,0,8,85,0,0,1,0,8,8,4,1,1
2019,NYA,AL,birdgr01,10,10,10,10,0,0,10,0,0,0,0,0,0,0,0,0,0
2019,TEX,AL,birdky01,12,0,1,12,12,0,0,0,0,0,0,0,0,0,0,0,0
2019,SEA,AL,bishobr01,27,16,27,24,0,0,0,0,0,0,4,20,1,24,1,0,3
2019,BAL,AL,blachty01,5,5,0,5,5,0,0,0,0,0,0,0,0,0,0,0,0
2019,SFN,NL,blachty01,2,0,2,2,2,0,0,0,0,0,0,0,0,0,0,0,0
2019,COL,NL,blackch02,140,136,140,135,0,0,0,0,0,0,0,0,135,135,2,4,0
2019,OAK,AL,blackpa01,4,1,0,4,4,0,0,0,0,0,0,0,0,0,0,0,0
2019,MIL,NL,blackra01,15,0,15,15,15,0,0,0,0,0,0,0,0,0,0,0,0
2019,SFN,NL,blackra01,2,0,2,2,2,0,0,0,0,0,0,0,0,0,0,0,0
2019,CIN,NL,blandal01,23,9,23,15,0,0,3,10,4,0,0,0,0,0,1,11,1
2019,WAS,NL,blazemi01,4,0,4,4,4,0,0,0,0,0,0,0,0,0,0,0,0
2019,BAL,AL,bleieri01,53,1,6,53,53,0,0,0,0,0,0,0,0,0,0,0,0
2019,ATL,NL,blevije01,45,0,43,45,45,0,0,0,0,0,0,0,0,0,0,0,0
2019,BOS,AL,bogaexa01,155,154,155,153,0,0,0,0,0,153,0,0,0,0,1,1,0
2019,SDN,NL,bolanro01,5,3,5,5,5,0,0,0,0,0,0,0,0,0,0,0,0
2019,OAK,AL,boltsk01,5,2,5,4,0,0,0,0,0,0,0,3,1,4,0,3,0
2019,KCA,AL,bonifjo01,5,5,5,5,0,0,0,0,0,0,1,0,4,5,0,0,0
2019,TOR,AL,borucry01,2,2,0,2,2,0,0,0,0,0,0,0,0,0,0,0,0
2019,TOR,AL,boshebu01,28,1,3,28,28,0,0,0,0,0,0,0,0,0,0,0,0
2019,CHN,NL,boteda01,127,75,127,112,0,0,0,50,67,9,0,0,1,1,0,27,3
2019,LAA,AL,bourjpe01,26,11,26,24,0,0,0,1,1,0,12,11,0,23,3,2,4
2019,LAA,AL,bourju01,52,36,52,37,0,0,37,0,0,0,0,0,0,0,3,14,0
2019,WAS,NL,bourqja01,1,0,1,1,1,0,0,0,0,0,0,0,0,0,0,0,0
2019,CIN,NL,bowmama01,27,0,25,27,27,0,0,0,0,0,0,0,0,0,0,0,0
2019,KCA,AL,boxbebr01,29,0,2,29,29,0,0,0,0,0,0,0,0,0,0,0,0
2019,DET,AL,boydma01,32,32,1,32,32,0,0,0,0,0,0,0,0,0,0,0,0
2019,CHN,NL,brachbr01,43,0,39,42,42,0,0,0,0,0,0,0,0,0,0,1,0
2019,NYN,NL,brachbr01,16,0,14,16,16,0,0,0,0,0,0,0,0,0,0,0,0
2019,SEA,AL,bradfch02,12,0,1,12,12,0,0,0,0,0,0,0,0,0,0,0,0
2019,ARI,NL,bradlar01,66,1,61,66,66,0,0,0,0,0,0,0,0,0,0,0,0
2019,CLE,AL,bradlbo01,15,13,15,5,0,0,5,0,0,0,0,0,0,0,8,2,0
2019,BOS,AL,bradlja02,147,138,147,145,0,0,0,0,0,0,0,144,3,145,0,4,1
2019,HOU,AL,brantmi02,148,143,148,123,0,0,0,0,0,0,120,0,9,123,25,5,0
2019,PHI,NL,brantro01,1,0,1,0,0,0,0,0,0,0,0,0,0,0,0,1,0
2019,BOS,AL,brasiry01,62,0,5,62,62,0,0,0,0,0,0,0,0,0,0,0,0
2019,PIT,NL,braulst01,34,19,33,25,25,0,0,0,0,0,0,0,0,0,0,8,2
2019,MIL,NL,braunry02,144,113,144,112,0,0,0,0,0,0,110,0,2,112,3,31,0
2019,SLN,NL,brebbjo01,66,0,63,66,66,0,0,0,0,0,0,0,0,0,0,0,0
2019,HOU,AL,bregmal01,156,156,156,151,0,0,0,0,99,65,0,0,0,0,6,0,0
2019,SEA,AL,brennbr01,44,0,3,44,44,0,0,0,0,0,0,0,0,0,0,0,0
2019,BOS,AL,breweco01,58,0,1,58,58,0,0,0,0,0,0,0,0,0,0,0,0
2019,MIA,NL,briceau01,36,0,34,36,36,0,0,0,0,0,0,0,0,0,0,0,0
2019,MIA,NL,brighje01,32,0,32,32,32,0,0,0,0,0,0,0,0,0,0,0,0
2019,MIA,NL,brinsle01,75,64,75,70,0,0,0,0,0,0,0,60,11,70,0,7,1
2019,TOR,AL,britoso01,17,11,17,17,0,0,0,0,0,0,1,4,12,17,0,1,1
2019,NYA,AL,brittza01,66,0,5,66,66,0,0,0,0,0,0,0,0,0,0,0,0
2019,BAL,AL,brookaa01,14,12,2,14,14,0,0,0,0,0,0,0,0,0,0,0,0
2019,OAK,AL,brookaa01,15,6,0,15,15,0,0,0,0,0,0,0,0,0,0,0,0
2019,TBA,AL,brossmi01,51,32,50,47,3,0,1,26,18,0,5,0,6,11,1,6,4
2019,OAK,AL,brownse01,26,17,26,25,0,0,4,0,0,0,23,0,0,23,0,6,0
2019,BAL,AL,broxtke01,37,29,37,36,0,0,0,0,0,0,0,36,0,36,0,0,1
2019,NYN,NL,broxtke01,34,10,34,28,0,0,0,0,0,0,18,9,7,28,0,6,5
2019,SEA,AL,broxtke01,29,17,29,25,0,0,0,0,0,0,3,20,2,25,3,1,5
2019,PHI,NL,bruceja01,51,33,51,31,0,0,0,0,0,0,31,0,0,31,3,17,0
2019,SEA,AL,bruceja01,47,44,47,42,0,0,16,0,0,0,6,0,24,28,4,3,0
2019,CHN,NL,bryankr01,147,145,147,142,0,0,3,0,115,0,23,0,27,44,3,2,0
2019,TOR,AL,buchhcl01,12,12,0,12,12,0,0,0,0,0,0,0,0,0,0,0,0
2019,OAK,AL,buchtry01,64,0,4,64,64,0,0,0,0,0,0,0,0,0,0,0,0
2019,LAN,NL,buehlwa01,30,30,29,30,30,0,0,0,0,0,0,0,0,0,0,0,0
2019,SFN,NL,bumgama01,37,34,35,34,34,0,0,0,0,0,0,0,0,0,0,3,0
2019,CHA,AL,bummeaa01,58,0,7,58,58,0,0,0,0,0,0,0,0,0,0,0,0
2019,BAL,AL,bundydy01,30,30,1,30,30,0,0,0,0,0,0,0,0,0,0,0,0
2019,PIT,NL,burdini01,11,0,10,11,11,0,0,0,0,0,0,0,0,0,0,0,0
2019,TEX,AL,burkebr01,6,6,0,6,6,0,0,0,0,0,0,0,0,0,0,0,0
2019,MIL,NL,burneco01,32,4,30,32,32,0,0,0,0,0,0,0,0,0,0,0,0
2019,CHA,AL,burrry01,16,1,0,16,16,0,0,0,0,0,0,0,0,0,0,0,0
2019,COL,NL,buterdr01,16,13,16,16,0,14,3,0,0,0,0,0,0,0,0,1,0
2019,LAA,AL,buttrty01,72,0,4,72,72,0,0,0,0,0,0,0,0,0,0,0,0
2019,MIN,AL,buxtoby01,87,78,87,86,0,0,0,0,0,0,0,86,0,86,1,0,3
2019,TEX,AL,cabreas01,93,90,93,93,0,0,0,0,93,0,0,0,0,0,0,0,1
2019,WAS,NL,cabreas01,38,32,38,34,0,0,3,31,5,0,0,0,0,0,0,5,0
2019,SLN,NL,cabrege01,13,2,13,13,13,0,0,0,0,0,0,0,0,0,0,0,0
2019,PIT,NL,cabreme01,133,82,133,97,0,0,0,0,0,0,24,0,74,97,2,44,0
2019,DET,AL,cabremi01,136,133,136,26,0,0,26,0,0,0,0,0,0,0,107,3,0
2019,LAA,AL,cahiltr01,38,11,2,37,37,0,0,0,0,0,0,0,0,0,0,1,0
2019,MIL,NL,cainlo01,148,134,148,143,0,0,0,0,0,0,0,143,0,143,0,9,0
2019,LAA,AL,calhoko01,152,146,152,150,0,0,0,0,0,0,0,2,150,150,0,4,0
2019,TEX,AL,calhowi01,83,76,83,71,0,0,0,0,0,0,71,0,0,71,7,5,1
2019,ATL,NL,camarjo01,98,47,98,62,0,0,1,4,18,25,11,0,5,16,1,39,5
2019,DET,AL,candeje01,94,88,94,89,0,0,20,0,69,0,0,0,0,0,4,4,0
2019,OAK,AL,canhama01,126,112,126,103,0,0,15,0,0,0,10,56,27,90,16,10,1
2019,LAA,AL,cannigr01,18,17,1,18,18,0,0,0,0,0,0,0,0,0,0,0,0
2019,NYN,NL,canoro01,107,100,107,99,0,0,0,99,0,0,0,0,0,0,2,7,0
2019,SEA,AL,carasma01,11,5,1,11,11,0,0,0,0,0,0,0,0,0,0,0,0
2019,CHN,NL,caratvi01,95,59,95,81,2,59,23,0,2,0,0,0,0,0,0,23,0
2019,ATL,NL,carlesh01,6,0,5,6,6,0,0,0,0,0,0,0,0,0,0,0,0
2019,TEX,AL,carpeda01,4,0,0,4,4,0,0,0,0,0,0,0,0,0,0,0,0
2019,SLN,NL,carpema01,129,106,129,108,0,0,4,0,107,0,0,0,0,0,2,21,0
2019,DET,AL,carpery01,9,9,1,9,9,0,0,0,0,0,0,0,0,0,0,0,0
2019,CLE,AL,carraca01,23,12,1,23,23,0,0,0,0,0,0,0,0,0,0,0,0
2019,CIN,NL,casalcu01,84,57,84,69,0,67,4,0,0,0,0,0,0,0,1,19,1
2019,BAL,AL,cashnan01,17,17,1,17,17,0,0,0,0,0,0,0,0,0,0,0,0
2019,BOS,AL,cashnan01,25,6,2,25,25,0,0,0,0,0,0,0,0,0,0,0,0
2019,CHN,NL,casteni01,51,51,51,51,0,0,0,0,0,0,11,0,48,51,0,0,0
2019,DET,AL,casteni01,100,100,100,89,0,0,0,0,0,0,0,0,89,89,11,0,0
2019,TBA,AL,castidi01,65,6,8,65,65,0,0,0,0,0,0,0,0,0,0,0,0
2019,SDN,NL,castijo03,1,0,1,1,1,0,0,0,0,0,0,0,0,0,0,0,0
2019,CIN,NL,castilu02,32,32,31,32,32,0,0,0,0,0,0,0,0,0,0,0,0
2019,CHA,AL,castiwe01,72,61,72,48,0,48,0,0,0,0,0,0,0,0,21,9,0
2019,MIA,NL,castiwi01,2,2,2,2,0,2,0,0,0,0,0,0,0,0,0,0,0
2019,DET,AL,castrha01,97,87,97,90,0,0,1,34,10,2,8,30,7,44,4,6,2
2019,MIN,AL,castrja01,79,72,79,78,0,78,0,0,0,0,0,0,0,0,0,1,0
2019,BAL,AL,castrmi01,65,0,5,65,65,0,0,0,0,0,0,0,0,0,0,0,0
2019,MIA,NL,castrst01,162,159,162,161,0,0,0,117,45,3,0,0,0,0,0,2,0
2019,DET,AL,castrwi01,30,28,30,29,0,0,0,0,0,29,0,0,0,0,0,1,1
2019,MIN,AL,caveja01,72,54,72,68,0,0,0,0,0,0,10,23,45,68,3,4,5
2019,CHA,AL,ceasedy01,14,14,0,14,14,0,0,0,0,0,0,0,0,0,0,0,0
2019,CHN,NL,cedenxa01,5,0,5,5,5,0,0,0,0,0,0,0,0,0,0,0,0
2019,BOS,AL,centeju01,7,3,7,5,0,5,0,0,0,0,0,0,0,0,1,3,0
2019,ATL,NL,cervefr01,14,8,14,11,0,9,2,0,0,0,0,0,0,0,1,2,0
2019,PIT,NL,cervefr01,34,32,34,32,0,32,1,0,0,0,0,0,0,0,0,2,0
2019,NYA,AL,cessalu01,43,0,2,43,43,0,0,0,0,0,0,0,0,0,0,0,0
2019,BOS,AL,chacijh01,6,5,0,6,6,0,0,0,0,0,0,0,0,0,0,0,0
2019,MIL,NL,chacijh01,19,19,18,19,19,0,0,0,0,0,0,0,0,0,0,0,0
2019,ARI,NL,chafian01,77,0,71,77,77,0,0,0,0,0,0,0,0,0,0,0,0
2019,CLE,AL,changyu01,28,21,28,26,0,0,0,0,25,8,0,0,0,0,0,3,0
2019,NYA,AL,chapmar01,60,0,3,60,60,0,0,0,0,0,0,0,0,0,0,0,0
2019,OAK,AL,chapmma01,156,152,156,156,0,0,0,0,156,0,0,0,0,0,0,0,0
2019,LAN,NL,chargjt01,21,0,19,21,21,0,0,0,0,0,0,0,0,0,0,0,0
2019,CHN,NL,chatwty01,41,5,40,38,38,0,0,0,0,0,0,0,0,0,0,3,0
2019,TEX,AL,chaveje01,48,9,4,48,48,0,0,0,0,0,0,0,0,0,0,0,0
2019,BOS,AL,chavimi01,95,85,95,93,0,0,49,45,5,0,0,0,0,0,1,4,1
2019,MIA,NL,chenwe02,45,0,43,45,45,0,0,0,0,0,0,0,0,0,0,0,0
2019,HOU,AL,chiriro01,114,106,114,112,0,112,0,0,0,0,0,0,0,0,0,2,0
2019,TBA,AL,chiriyo01,26,18,1,26,26,0,0,0,0,0,0,0,0,0,0,0,0
2019,TBA,AL,choiji01,127,106,127,103,0,0,103,0,0,0,0,0,0,0,16,20,1
2019,TEX,AL,choosh01,151,141,151,81,0,0,0,0,0,0,40,0,42,81,62,10,0
2019,CLE,AL,cimbead01,68,0,5,68,68,0,0,0,0,0,0,0,0,0,0,0,0
2019,CHN,NL,cishest01,70,0,64,70,70,0,0,0,0,0,0,0,0,0,0,0,0
2019,DET,AL,cisnejo01,35,0,0,35,35,0,0,0,0,0,0,0,0,0,0,0,0
2019,TBA,AL,ciuffni01,3,1,3,3,0,3,0,0,0,0,0,0,0,0,0,0,0
2019,CLE,AL,civalaa01,10,10,1,10,10,0,0,0,0,0,0,0,0,0,0,0,0
2019,ARI,NL,clarkta01,23,15,21,23,23,0,0,0,0,0,0,0,0,0,0,0,0
2019,TEX,AL,claseem01,21,1,1,21,21,0,0,0,0,0,0,0,0,0,0,0,0
2019,MIL,NL,claudal01,83,0,78,83,83,0,0,0,0,0,0,0,0,0,0,0,0
2019,CLE,AL,clevimi01,21,21,1,21,21,0,0,0,0,0,0,0,0,0,0,0,0
2019,CLE,AL,clippty01,53,3,2,53,53,0,0,0,0,0,0,0,0,0,0,0,0
2019,BAL,AL,cobbal01,3,3,0,3,3,0,0,0,0,0,0,0,0,0,0,0,0
2019,CLE,AL,coleaj01,25,0,0,25,25,0,0,0,0,0,0,0,0,0,0,0,0
2019,HOU,AL,colege01,33,33,3,33,33,0,0,0,0,0,0,0,0,0,0,0,0
2019,LAA,AL,coleta01,38,6,3,38,38,0,0,0,0,0,0,0,0,0,0,0,0
2019,CHN,NL,colliti01,9,0,9,9,9,0,0,0,0,0,0,0,0,0,0,0,0
2019,CHA,AL,colliza01,27,25,27,11,0,10,1,0,0,0,0,0,0,0,14,2,0
2019,CHA,AL,colomal01,62,0,5,62,62,0,0,0,0,0,0,0,0,0,0,0,0
2019,CIN,NL,colonch01,8,0,8,3,0,0,0,3,0,0,0,0,0,0,0,8,0
2019,NYN,NL,confomi01,151,143,151,149,0,0,0,0,0,0,0,39,132,149,0,5,0
2019,MIA,NL,conlead01,60,0,56,60,60,0,0,0,0,0,0,0,0,0,0,0,0
2019,CHN,NL,contrwi01,105,95,105,103,0,99,2,0,0,0,1,0,2,3,1,3,1
2019,SFN,NL,coonrsa01,33,0,28,33,33,0,0,0,0,0,0,0,0,0,0,0,0
2019,MIA,NL,coopega03,107,99,107,99,0,0,73,0,0,0,0,0,31,31,2,6,0
2019,WAS,NL,corbipa01,33,33,31,33,33,0,0,0,0,0,0,0,0,0,0,0,0
2019,SDN,NL,cordefr02,9,4,9,7,0,0,0,0,0,0,0,5,4,7,0,2,0
2019,CHA,AL,cordeji01,30,0,3,30,30,0,0,0,0,0,0,0,0,0,0,0,0
2019,TOR,AL,cordeji01,1,0,0,1,1,0,0,0,0,0,0,0,0,0,0,0,0
2019,CHA,AL,cordery01,97,63,97,91,0,0,0,0,0,0,2,19,72,91,0,8,6
2019,HOU,AL,correca01,75,75,75,75,0,0,0,0,0,75,0,0,0,0,0,0,0
2019,NYA,AL,cortene01,33,1,2,33,33,0,0,0,0,0,0,0,0,0,0,0,0
2019,SEA,AL,courtry01,12,5,12,10,0,0,7,0,0,0,3,0,2,5,0,2,0
2019,CHA,AL,coveydy01,18,12,2,18,18,0,0,0,0,0,0,0,0,0,0,0,0
2019,LAA,AL,cowarka01,9,6,9,9,0,0,0,3,6,0,0,0,0,0,0,0,1
2019,LAA,AL,cozarza01,38,27,38,34,0,0,0,1,31,5,0,0,0,0,0,3,2
2019,PHI,NL,cozendy01,1,0,1,0,0,0,0,0,0,0,0,0,0,0,0,1,0
2019,SFN,NL,crawfbr01,147,137,147,142,0,0,0,0,0,142,0,0,0,0,0,8,0
2019,SEA,AL,crawfjp01,93,92,93,93,0,0,0,0,0,93,0,0,0,0,0,0,0
2019,ARI,NL,crichst01,28,0,28,28,28,0,0,0,0,0,0,0,0,0,0,0,0
2019,PIT,NL,crickky01,52,0,48,52,52,0,0,0,0,0,0,0,0,0,0,0,0
2019,MIN,AL,croncj01,125,113,125,117,0,0,117,0,0,0,0,0,0,0,4,6,0
2019,ARI,NL,cronke01,39,11,39,13,0,0,12,0,1,0,0,0,0,0,4,24,0
2019,MIN,AL,cruzne02,120,114,120,0,0,0,0,0,0,0,0,0,0,0,114,6,0
2019,SFN,NL,cuetojo01,4,4,4,4,4,0,0,0,0,0,0,0,0,0,0,0,0
2019,COL,NL,cuevano01,1,1,1,1,0,0,0,0,0,0,1,0,0,1,0,0,0
2019,ATL,NL,culbech01,108,15,108,64,2,0,10,0,1,7,35,0,11,45,0,59,3
2019,LAA,AL,curtijo02,1,0,0,1,1,0,0,0,0,0,0,0,0,0,0,0,0
2019,KCA,AL,cuthbch01,87,76,87,82,0,0,46,0,40,0,0,0,0,0,1,10,0
2019,COL,NL,dahlda01,100,92,100,93,0,0,0,0,0,0,39,40,24,93,0,8,0
2019,LAN,NL,darnatr01,1,0,1,0,0,0,0,0,0,0,0,0,0,0,0,1,0
2019,NYN,NL,darnatr01,10,5,10,9,0,9,0,0,0,0,0,0,0,0,0,2,0
2019,TBA,AL,darnatr01,92,80,92,88,0,76,21,0,0,0,0,0,0,0,4,10,1
2019,CHN,NL,darviyu01,31,31,30,31,31,0,0,0,0,0,0,0,0,0,0,0,0
2019,MIL,NL,davieza01,35,31,34,31,31,0,0,0,0,0,0,0,0,0,0,1,3
2019,PHI,NL,davisau01,14,0,13,14,14,0,0,0,0,0,0,0,0,0,0,0,0
2019,BAL,AL,davisch02,105,86,105,99,1,0,97,0,0,0,0,0,1,1,2,11,1
2019,SFN,NL,davisja03,17,13,17,15,0,0,0,0,0,0,0,0,15,15,1,1,0
2019,NYN,NL,davisjd01,140,99,140,109,0,0,0,0,31,0,79,0,0,79,1,35,0
2019,TOR,AL,davisjo05,37,24,37,35,0,0,0,0,0,0,1,33,2,35,2,2,2
2019,TBA,AL,davisjo06,8,0,8,3,0,0,0,0,0,0,1,2,0,3,0,0,6
2019,OAK,AL,daviskh01,133,127,133,4,0,0,0,0,0,0,4,0,0,4,123,6,0
2019,NYN,NL,davisra01,29,1,29,14,0,0,0,0,0,0,11,0,3,14,0,17,5
2019,PIT,NL,davisro03,5,1,5,5,5,0,0,0,0,0,0,0,0,0,0,0,0
2019,CHN,NL,davista01,7,4,7,7,1,6,1,0,0,0,0,0,0,0,0,0,0
2019,COL,NL,daviswa01,50,0,47,50,50,0,0,0,0,0,0,0,0,0,0,0,0
2019,ATL,NL,daytogr01,14,0,13,14,14,0,0,0,0,0,0,0,0,0,0,0,0
2019,COL,NL,dazayo01,44,24,44,29,0,0,0,0,0,0,3,24,3,29,0,16,1
2019,MIA,NL,deanau01,64,46,64,52,0,0,5,0,0,0,44,0,5,49,0,15,1
2019,NYN,NL,degroja01,33,32,31,32,32,0,0,0,0,0,0,0,0,0,0,1,0
2019,MIN,AL,dejonch01,1,0,1,1,1,0,0,0,0,0,0,0,0,0,0,0,0
2019,SLN,NL,dejonpa01,159,156,159,157,0,0,0,0,0,157,0,0,0,0,0,3,0
2019,TBA,AL,deleojo03,3,0,1,3,3,0,0,0,0,0,0,0,0,0,0,0,0
2019,CHA,AL,delmoni01,21,17,21,21,0,0,1,0,0,0,21,0,0,21,0,4,0
2019,PHI,NL,delosen01,5,1,5,5,5,0,0,0,0,0,0,0,0,0,0,0,0
2019,LAA,AL,delpomi01,17,0,0,17,17,0,0,0,0,0,0,0,0,0,0,0,0
2019,DET,AL,demertr01,48,46,48,47,0,0,0,0,0,0,0,0,47,47,0,1,1
2019,CHN,NL,descada01,82,38,82,47,1,0,1,45,3,0,0,0,0,0,2,38,2
2019,CIN,NL,desclan01,31,31,30,31,31,0,0,0,0,0,0,0,0,0,0,0,0
2019,TEX,AL,deshide02,118,94,118,112,0,0,0,0,0,0,0,112,0,112,1,5,7
2019,COL,NL,desmoia01,140,106,140,119,1,0,0,0,0,0,44,74,0,118,2,24,0
2019,CHA,AL,despaod01,3,3,0,3,3,0,0,0,0,0,0,0,0,0,0,0,0
2019,CHA,AL,detwiro01,18,12,2,18,18,0,0,0,0,0,0,0,0,0,0,0,0
2019,HOU,AL,devench02,61,1,7,61,61,0,0,0,0,0,0,0,0,0,0,0,0
2019,BOS,AL,deverra01,156,152,156,152,0,0,0,0,152,1,0,0,0,0,1,4,0
2019,HOU,AL,diazal02,69,55,69,62,0,0,26,25,19,5,4,0,0,4,2,9,3
2019,NYN,NL,diazed04,66,0,61,66,66,0,0,0,0,0,0,0,0,0,0,0,0
2019,PIT,NL,diazel01,101,75,101,96,0,96,0,0,0,0,0,0,0,0,0,10,1
2019,MIA,NL,diazis01,49,47,49,48,0,0,0,48,0,0,0,0,0,0,0,1,0
2019,COL,NL,diazja01,56,0,54,56,56,0,0,0,0,0,0,0,0,0,0,0,0
2019,SDN,NL,diazmi02,5,0,5,5,5,0,0,0,0,0,0,0,0,0,0,0,0
2019,TBA,AL,diazya01,79,78,79,63,0,0,22,0,50,0,0,0,0,0,16,0,1
2019,TOR,AL,diazye01,1,0,0,1,1,0,0,0,0,0,0,0,0,0,0,0,0
2019,SDN,NL,dickeal01,12,3,12,6,0,0,0,0,0,0,6,0,0,6,0,7,0
2019,SFN,NL,dickeal01,56,33,56,45,0,0,0,0,0,0,44,0,1,45,0,22,0
2019,PHI,NL,dickeco01,34,30,34,32,0,0,0,0,0,0,32,0,0,32,0,4,0
2019,PIT,NL,dickeco01,44,32,44,33,0,0,0,0,0,0,33,0,0,33,0,11,0
2019,COL,NL,diehlph01,10,0,10,10,10,0,0,0,0,0,0,0,0,0,0,0,0
2019,KCA,AL,diekmja01,48,0,4,48,48,0,0,0,0,0,0,0,0,0,0,0,0
2019,OAK,AL,diekmja01,28,0,1,28,28,0,0,0,0,0,0,0,0,0,0,0,0
2019,CIN,NL,dietrde01,113,67,113,84,0,0,21,58,1,0,16,0,0,16,2,38,0
2019,WAS,NL,difowi01,43,35,43,40,0,0,0,2,6,33,0,0,0,0,0,5,0
2019,KCA,AL,dinini01,20,17,20,20,0,20,0,0,0,0,0,0,0,0,0,1,0
2019,DET,AL,dixonbr01,118,97,117,97,2,0,61,3,4,0,26,1,7,33,18,8,8
2019,MIN,AL,dobnara01,9,5,0,9,9,0,0,0,0,0,0,0,0,0,0,0,0
2019,PHI,NL,dominse01,27,0,26,27,27,0,0,0,0,0,0,0,0,0,0,0,0
2019,ATL,NL,donaljo02,155,149,155,148,0,0,0,0,148,0,0,0,0,0,1,6,0
2019,WAS,NL,doolise01,63,0,61,63,63,0,0,0,0,0,0,0,0,0,0,0,0
2019,TEX,AL,dowdyky01,13,1,1,13,13,0,0,0,0,0,0,0,0,0,0,0,0
2019,WAS,NL,doziebr01,135,114,135,123,1,0,0,123,0,0,0,0,0,0,0,14,0
2019,KCA,AL,doziehu01,139,138,139,124,0,0,7,0,100,0,0,0,20,20,15,1,0
2019,TBA,AL,drakeol01,50,0,3,50,50,0,0,0,0,0,0,0,0,0,0,0,0
2019,TOR,AL,drurybr01,120,110,120,116,0,0,12,16,65,5,8,0,18,25,2,4,1
2019,MIL,NL,dubonma01,2,0,2,1,0,0,0,0,0,1,0,0,0,0,0,2,0
2019,SFN,NL,dubonma01,28,28,28,28,0,0,0,22,0,9,0,0,0,0,0,0,0
2019,KCA,AL,dudalu01,39,28,39,19,0,0,19,0,0,0,0,0,0,0,14,7,0
2019,MIN,AL,duffety01,58,0,3,58,58,0,0,0,0,0,0,0,0,0,0,0,0
2019,KCA,AL,duffyda01,23,23,2,23,23,0,0,0,0,0,0,0,0,0,0,0,0
2019,TBA,AL,duffyma01,46,41,46,46,0,0,0,0,46,1,0,0,0,0,0,0,0
2019,SFN,NL,duggast01,73,67,73,72,0,0,0,0,0,0,0,39,34,72,0,3,0
2019,MIA,NL,duggero01,7,7,7,7,7,0,0,0,0,0,0,0,0,0,0,0,0
2019,CIN,NL,dukeza01,30,0,29,30,30,0,0,0,0,0,0,0,0,0,0,0,0
2019,NYA,AL,dullry01,3,0,0,3,3,0,0,0,0,0,0,0,0,0,0,0,0
2019,OAK,AL,dullry01,7,0,0,7,7,0,0,0,0,0,0,0,0,0,0,0,0
2019,TOR,AL,dullry01,1,0,0,1,1,0,0,0,0,0,0,0,0,0,0,0,0
2019,SEA,AL,dunnju01,4,4,1,4,4,0,0,0,0,0,0,0,0,0,0,0,0
2019,COL,NL,dunnmi01,28,0,25,28,28,0,0,0,0,0,0,0,0,0,0,0,0
2019,ARI,NL,duplajo01,15,3,15,15,15,0,0,0,0,0,0,0,0,0,0,0,0
2019,PIT,NL,durapmo01,14,2,14,14,14,0,0,0,0,0,0,0,0,0,0,0,0
2019,ATL,NL,duvalad01,41,26,41,32,0,0,0,0,0,0,31,0,2,32,0,10,0
2019,ARI,NL,dysonja01,130,91,130,118,0,0,0,0,0,0,16,103,21,118,0,12,7
2019,MIN,AL,dysonsa01,12,0,3,12,12,0,0,0,0,0,0,0,0,0,0,0,0
2019,SFN,NL,dysonsa01,49,0,47,49,49,0,0,0,0,0,0,0,0,0,0,0,0
2019,BAL,AL,eadesry01,6,0,0,6,6,0,0,0,0,0,0,0,0,0,0,0,0
2019,MIN,AL,eadesry01,2,0,0,2,2,0,0,0,0,0,0,0,0,0,0,0,0
2019,WAS,NL,eatonad02,151,143,151,145,0,0,0,0,0,0,7,0,139,145,0,7,0
2019,SLN,NL,edmanto01,92,75,92,82,0,0,0,29,55,0,1,1,12,13,0,15,0
2019,CHN,NL,edwarca01,20,0,18,20,20,0,0,0,0,0,0,0,0,0,0,0,0
2019,SDN,NL,edwarca01,2,0,2,2,2,0,0,0,0,0,0,0,0,0,0,0,0
2019,CLE,AL,edwarjo02,9,0,0,9,9,0,0,0,0,0,0,0,0,0,0,0,0
2019,PHI,NL,eflinza01,32,28,31,32,32,0,0,0,0,0,0,0,0,0,0,0,0
2019,PHI,NL,eickhje01,12,10,12,12,12,0,0,0,0,0,0,0,0,0,0,0,0
2019,SEA,AL,eliasro01,44,0,1,44,44,0,0,0,0,0,0,0,0,0,0,0,0
2019,WAS,NL,eliasro01,4,0,4,4,4,0,0,0,0,0,0,0,0,0,0,0,0
2019,KCA,AL,ellisch01,1,0,0,1,1,0,0,0,0,0,0,0,0,0,0,0,0
2019,PIT,NL,elmorja01,20,8,20,12,0,0,0,1,4,0,5,0,3,7,0,9,0
2019,NYA,AL,encared01,44,44,44,12,0,0,12,0,0,0,0,0,0,0,32,0,0
2019,SEA,AL,encared01,65,64,65,45,0,0,45,1,0,0,0,0,0,0,19,1,0
2019,CHA,AL,engelad01,89,65,89,86,0,0,0,0,0,0,0,86,0,86,0,3,5
2019,BOS,AL,eovalna01,23,12,1,23,23,0,0,0,0,0,0,0,0,0,0,0,0
2019,SDN,NL,erlinro01,37,1,34,37,37,0,0,0,0,0,0,0,0,0,0,0,0
2019,CIN,NL,ervinph01,94,51,94,88,0,0,0,0,0,0,61,25,17,88,0,29,2
2019,ARI,NL,escobed01,158,154,158,155,0,0,0,33,144,0,0,0,0,0,1,3,0
2019,PIT,NL,escoblu01,4,0,4,4,4,0,0,0,0,0,0,0,0,0,0,0,0
2019,BAL,AL,eshelto01,10,4,1,10,10,0,0,0,0,0,0,0,0,0,0,0,0
2019,COL,NL,estevca01,71,0,67,71,71,0,0,0,0,0,0,0,0,0,0,0,0
2019,OAK,AL,estrama01,5,5,0,5,5,0,0,0,0,0,0,0,0,0,0,0,0
2019,NYA,AL,estrath01,35,16,35,28,0,0,0,17,0,9,2,0,2,4,1,3,7
2019,TBA,AL,fairbpe01,13,0,2,13,13,0,0,0,0,0,0,0,0,0,0,0,0
2019,TEX,AL,fairbpe01,8,0,1,8,8,0,0,0,0,0,0,0,0,0,0,0,0
2019,NYN,NL,familje01,66,0,61,66,66,0,0,0,0,0,0,0,0,0,0,0,0
2019,MIL,NL,fariaja01,9,0,9,9,9,0,0,0,0,0,0,0,0,0,0,0,0
2019,TBA,AL,fariaja01,7,0,0,7,7,0,0,0,0,0,0,0,0,0,0,0,0
2019,DET,AL,farmebu01,73,1,5,73,73,0,0,0,0,0,0,0,0,0,0,0,0
2019,CIN,NL,farmeky01,97,35,97,71,1,15,18,41,12,1,0,0,0,0,1,39,1
2019,TEX,AL,farrelu01,9,1,0,9,9,0,0,0,0,0,0,0,0,0,0,0,0
2019,WAS,NL,feddeer01,21,12,20,21,21,0,0,0,0,0,0,0,0,0,0,0,0
2019,TEX,AL,federti01,29,23,29,29,1,29,0,0,0,0,0,0,0,0,0,0,0
2019,TOR,AL,feierry01,2,1,0,2,2,0,0,0,0,0,0,0,0,0,0,0,0
2019,PIT,NL,felizmi01,58,1,54,58,58,0,0,0,0,0,0,0,0,0,0,0,0
2019,LAN,NL,ferguca01,46,2,42,46,46,0,0,0,0,0,0,0,0,0,0,0,0
2019,DET,AL,fernajo04,4,0,0,4,4,0,0,0,0,0,0,0,0,0,0,0,0
2019,SLN,NL,fernaju01,13,0,12,13,13,0,0,0,0,0,0,0,0,0,0,0,0
2019,SEA,AL,festama01,20,0,2,20,20,0,0,0,0,0,0,0,0,0,0,0,0
2019,OAK,AL,fiersmi01,33,33,0,33,33,0,0,0,0,0,0,0,0,0,0,0,0
2019,KCA,AL,fillmhe01,12,3,1,12,12,0,0,0,0,0,0,0,0,0,0,0,0
2019,HOU,AL,fishede01,17,13,17,14,0,0,0,0,0,0,11,0,5,14,2,0,1
2019,TOR,AL,fishede01,40,30,40,33,0,0,0,0,0,0,27,3,4,33,3,4,5
2019,SLN,NL,flaheja01,38,33,35,33,33,0,0,0,0,0,0,0,0,0,0,0,5
2019,CLE,AL,flahery01,14,6,14,13,0,0,0,2,11,0,0,0,0,0,0,1,1
2019,LAA,AL,fletcda02,154,145,154,154,0,0,0,42,90,39,21,0,2,23,0,0,1
2019,NYN,NL,flexech01,9,1,9,9,9,0,0,0,0,0,0,0,0,0,0,0,0
2019,ARI,NL,florewi01,89,60,89,70,0,0,16,64,0,0,0,0,0,0,0,23,0
2019,LAN,NL,florody01,50,0,46,50,50,0,0,0,0,0,0,0,0,0,0,0,0
2019,ATL,NL,flowety01,85,73,85,83,0,83,0,0,0,0,0,0,0,0,0,4,1
2019,KCA,AL,flynnbr01,11,1,1,11,11,0,0,0,0,0,0,0,0,0,0,0,0
2019,ATL,NL,foltymi01,21,21,19,21,21,0,0,0,0,0,0,0,0,0,0,0,0
2019,NYN,NL,fontwi01,15,3,14,15,15,0,0,0,0,0,0,0,0,0,0,0,0
2019,TBA,AL,fontwi01,10,0,1,10,10,0,0,0,0,0,0,0,0,0,0,0,0
2019,TOR,AL,fontwi01,23,14,2,23,23,0,0,0,0,0,0,0,0,0,0,0,0
2019,NYA,AL,fordmi01,50,36,50,30,1,0,29,0,0,0,0,0,0,0,14,12,0
2019,TEX,AL,forsylo01,101,86,101,91,0,0,46,8,33,15,0,0,0,0,0,9,2
2019,SLN,NL,fowlede01,150,132,150,140,0,0,0,0,0,0,0,58,118,140,0,11,1
2019,SEA,AL,fraleja01,12,10,12,12,0,0,0,0,0,0,0,11,1,12,0,2,0
2019,SFN,NL,francen01,5,0,4,5,5,0,0,0,0,0,0,0,0,0,0,0,0
2019,PHI,NL,francma02,123,100,123,111,0,0,2,0,110,0,0,0,0,0,0,14,1
2019,SDN,NL,francty01,69,45,69,55,2,0,1,21,36,0,0,0,0,0,0,21,0
2019,CHA,AL,frareca01,5,0,0,5,5,0,0,0,0,0,0,0,0,0,0,0,0
2019,PIT,NL,fraziad01,152,133,152,142,0,0,0,142,0,0,0,0,0,0,0,13,0
2019,NYA,AL,frazicl01,69,59,69,53,0,0,0,0,0,0,17,0,36,53,15,4,1
2019,NYN,NL,frazito01,133,117,133,121,0,0,3,0,120,0,0,0,0,0,3,12,0
2019,COL,NL,freelky01,22,22,19,22,22,0,0,0,0,0,0,0,0,0,0,0,0
2019,ATL,NL,freemfr01,158,157,158,158,0,0,158,0,0,0,0,0,0,0,0,1,0
2019,CLE,AL,freemmi01,75,47,75,66,1,0,0,33,18,9,6,0,0,6,2,13,6
2019,LAA,AL,freemsa01,1,0,0,1,1,0,0,0,0,0,0,0,0,0,0,0,0
2019,LAN,NL,freesda01,79,39,79,50,0,0,50,0,2,0,0,0,0,0,3,36,0
2019,MIL,NL,freitda01,16,0,16,0,0,0,0,0,0,0,0,0,0,0,0,16,0
2019,SEA,AL,freitda01,1,1,1,1,0,1,0,0,0,0,0,0,0,0,0,0,0
2019,ATL,NL,friedma01,40,30,38,33,33,0,0,0,0,0,0,0,0,0,0,3,4
2019,CHA,AL,fryja01,68,0,7,68,68,0,0,0,0,0,0,0,0,0,0,0,0
2019,BAL,AL,frypa01,66,0,2,66,66,0,0,0,0,0,0,0,0,0,0,0,0
2019,COL,NL,fuentjo01,24,11,24,12,0,0,11,0,2,0,0,0,0,0,0,13,0
2019,CHA,AL,fulmeca01,20,2,1,20,20,0,0,0,0,0,0,0,0,0,0,0,0
2019,NYN,NL,gagnodr01,18,0,17,18,18,0,0,0,0,0,0,0,0,0,0,0,0
2019,LAN,NL,galero01,5,4,5,4,0,4,0,0,0,0,0,0,0,0,0,1,0
2019,KCA,AL,gallaca01,45,36,45,44,0,44,0,0,0,0,0,0,0,0,0,2,0
2019,SLN,NL,gallegi01,66,0,63,66,66,0,0,0,0,0,0,0,0,0,0,0,0
2019,ARI,NL,galleza01,8,8,8,8,8,0,0,0,0,0,0,0,0,0,0,0,0
2019,MIA,NL,galleza01,7,7,6,7,7,0,0,0,0,0,0,0,0,0,0,0,0
2019,MIA,NL,gallois01,19,12,19,16,0,0,0,0,0,0,4,13,2,16,0,4,1
2019,TEX,AL,gallojo01,70,70,70,63,0,0,0,0,0,0,34,38,0,63,7,0,0
2019,CIN,NL,galvifr01,32,27,32,31,0,0,0,27,0,7,0,0,0,0,0,4,0
2019,TOR,AL,galvifr01,115,111,115,108,0,0,0,5,0,103,0,0,0,0,5,3,0
2019,MIL,NL,gamelbe01,134,65,134,108,0,0,0,0,0,0,70,22,23,108,0,40,2
2019,SLN,NL,gantjo01,64,0,60,64,64,0,0,0,0,0,0,0,0,0,0,0,0
2019,SFN,NL,garciar01,18,12,18,16,0,11,5,0,0,0,0,0,0,0,0,3,0
2019,TBA,AL,garciav01,125,122,125,100,0,0,0,0,0,0,0,12,92,100,24,3,0
2019,DET,AL,garcibr01,7,0,0,7,7,0,0,0,0,0,0,0,0,0,0,0,0
2019,PHI,NL,garcied01,37,0,35,37,37,0,0,0,0,0,0,0,0,0,0,0,0
2019,SDN,NL,garcigr01,134,74,134,95,0,0,1,74,13,9,1,0,0,1,1,46,0
2019,MIA,NL,garcija04,53,0,51,53,53,0,0,0,0,0,0,0,0,0,0,0,0
2019,CHA,AL,garcile02,140,135,140,138,0,0,0,2,1,19,24,80,45,120,1,2,2
2019,LAA,AL,garcilu03,64,2,5,64,64,0,0,0,0,0,0,0,0,0,0,0,0
2019,COL,NL,garciri01,2,1,2,2,2,0,0,0,0,0,0,0,0,0,0,0,0
2019,CHN,NL,garciro02,31,16,31,21,0,0,0,18,0,0,5,0,1,6,1,10,2
2019,LAN,NL,garciyi01,64,0,61,64,64,0,0,0,0,0,0,0,0,0,0,0,0
2019,NYA,AL,gardnbr01,141,131,141,140,0,0,0,0,0,0,45,98,0,140,1,3,1
2019,LAN,NL,garliky01,30,9,30,15,0,0,0,0,0,0,12,0,5,15,0,18,1
2019,LAA,AL,garnedu01,28,22,28,28,0,27,1,0,0,0,0,0,0,0,0,1,0
2019,OAK,AL,garnedu01,7,5,7,7,0,7,0,0,0,0,0,0,0,0,0,1,0
2019,CIN,NL,garream01,69,0,64,69,69,0,0,0,0,0,0,0,0,0,0,0,0
2019,DET,AL,garrere01,13,0,0,13,13,0,0,0,0,0,0,0,0,0,0,0,0
2019,SEA,AL,gartory01,2,0,0,2,2,0,0,0,0,0,0,0,0,0,0,0,0
2019,MIN,AL,garvemi01,93,76,93,83,0,82,1,0,0,0,0,0,0,0,4,14,0
2019,ATL,NL,gausmke01,16,16,16,16,16,0,0,0,0,0,0,0,0,0,0,0,0
2019,CIN,NL,gausmke01,15,1,14,15,15,0,0,0,0,0,0,0,0,0,0,0,0
2019,TOR,AL,gavigsa01,52,0,2,52,52,0,0,0,0,0,0,0,0,0,0,0,0
2019,NYA,AL,gearrco01,18,0,1,18,18,0,0,0,0,0,0,0,0,0,0,0,0
2019,SEA,AL,gearrco01,48,2,2,48,48,0,0,0,0,0,0,0,0,0,0,0,0
2019,CIN,NL,gennesc01,21,18,21,19,0,0,0,19,0,0,0,0,0,0,0,2,0
2019,SFN,NL,gennesc01,21,16,21,17,0,0,0,17,0,0,0,0,0,0,0,5,0
2019,SFN,NL,gerbemi01,12,5,12,10,0,0,0,0,0,0,5,0,5,10,0,4,1
2019,NYA,AL,germado01,27,24,3,27,27,0,0,0,0,0,0,0,0,0,0,0,0
2019,TBA,AL,gibauia01,1,0,0,1,1,0,0,0,0,0,0,0,0,0,0,0,0
2019,TEX,AL,gibauia01,9,0,0,9,9,0,0,0,0,0,0,0,0,0,0,0,0
2019,MIN,AL,gibsoky01,34,29,2,34,34,0,0,0,0,0,0,0,0,0,0,0,0
2019,TOR,AL,gileske01,53,0,4,53,53,0,0,0,0,0,0,0,0,0,0,0,0
2019,BAL,AL,gilmase01,1,1,0,1,1,0,0,0,0,0,0,0,0,0,0,0,0
2019,ARI,NL,ginkeke01,25,0,25,25,25,0,0,0,0,0,0,0,0,0,0,0,0
2019,CHA,AL,giolilu01,29,29,2,29,29,0,0,0,0,0,0,0,0,0,0,0,0
2019,BAL,AL,givenmy01,58,0,3,58,58,0,0,0,0,0,0,0,0,0,0,0,0
2019,TBA,AL,glasnty01,12,12,1,12,12,0,0,0,0,0,0,0,0,0,0,0,0
2019,ARI,NL,godleza01,27,9,23,27,27,0,0,0,0,0,0,0,0,0,0,0,0
2019,TOR,AL,godleza01,6,0,1,6,6,0,0,0,0,0,0,0,0,0,0,0,0
2019,CHA,AL,goinsry01,52,35,52,46,0,0,2,0,23,14,1,0,7,8,1,11,2
2019,SLN,NL,goldspa01,161,155,161,159,0,0,159,0,0,0,0,0,0,0,0,3,0
2019,WAS,NL,gomesya01,97,90,97,93,0,93,1,0,0,0,0,0,0,0,0,4,0
2019,NYN,NL,gomezca01,34,23,34,30,0,0,0,0,0,0,13,22,7,30,0,5,2
2019,TEX,AL,gomezje01,16,0,0,16,16,0,0,0,0,0,0,0,0,0,0,0,0
2019,LAN,NL,gonsoto01,11,6,10,11,11,0,0,0,0,0,0,0,0,0,0,0,0
2019,CHN,NL,gonzaca01,15,12,15,14,0,0,0,0,0,0,4,0,13,14,0,1,0
2019,CLE,AL,gonzaca01,30,29,30,20,0,0,0,0,0,0,16,0,4,20,9,1,0
2019,COL,NL,gonzach01,14,12,13,14,14,0,0,0,0,0,0,0,0,0,0,0,0
2019,PIT,NL,gonzaer01,53,38,53,46,0,0,0,0,16,26,4,1,0,5,0,5,4
2019,MIL,NL,gonzagi01,19,17,18,19,19,0,0,0,0,0,0,0,0,0,0,0,0
2019,MIN,AL,gonzama01,114,108,114,110,0,0,21,2,40,1,18,0,44,59,3,4,0
2019,SEA,AL,gonzama02,34,34,2,34,34,0,0,0,0,0,0,0,0,0,0,0,0
2019,DET,AL,goodrni01,112,109,112,107,0,0,18,22,1,38,20,8,5,32,4,3,0
2019,LAA,AL,goodwbr01,136,101,136,117,0,0,0,0,0,0,68,39,17,117,2,21,3
2019,CLE,AL,goodyni01,39,0,3,39,39,0,0,0,0,0,0,0,0,0,0,0,0
2019,KCA,AL,gordoal01,150,147,150,146,2,0,0,0,0,0,146,0,0,146,2,2,0
2019,SEA,AL,gordode01,117,107,117,112,0,0,0,111,0,2,0,0,0,0,3,4,5
2019,KCA,AL,gorete01,37,13,37,23,0,0,0,0,0,0,9,4,10,23,2,2,16
2019,PHI,NL,gosseph01,44,7,44,11,0,0,0,0,1,5,6,0,0,6,0,35,0
2019,SFN,NL,gotttr01,50,0,48,50,50,0,0,0,0,0,0,0,0,0,0,0,0
2019,HOU,AL,gourryu01,144,143,144,143,0,0,110,4,42,0,0,0,0,0,1,1,0
2019,WAS,NL,gracema02,51,1,50,51,51,0,0,0,0,0,0,0,0,0,0,0,0
2019,MIA,NL,grandcu01,138,68,138,89,0,0,0,0,0,0,85,0,6,89,1,59,0
2019,MIL,NL,grandya01,153,141,153,149,0,137,20,0,0,0,0,0,0,0,1,9,0
2019,MIN,AL,gratebr01,10,0,0,10,10,0,0,0,0,0,0,0,0,0,0,0,0
2019,CIN,NL,grateju01,6,5,6,5,0,5,0,0,0,0,0,0,0,0,0,1,0
2019,COL,NL,grayjo02,27,25,27,26,26,0,0,0,0,0,0,0,0,0,0,1,0
2019,CIN,NL,grayso01,34,31,32,31,31,0,0,0,0,0,0,0,0,0,0,1,2
2019,NYA,AL,greench03,54,15,2,54,54,0,0,0,0,0,0,0,0,0,0,0,0
2019,ATL,NL,greensh02,27,0,24,27,27,0,0,0,0,0,0,0,0,0,0,0,0
2019,DET,AL,greensh02,38,0,3,38,38,0,0,0,0,0,0,0,0,0,0,0,0
2019,SFN,NL,greenza01,8,4,8,5,0,0,0,0,5,0,0,0,0,0,0,3,0
2019,SLN,NL,gregelu01,6,0,6,6,6,0,0,0,0,0,0,0,0,0,0,0,0
2019,NYA,AL,gregodi01,82,79,82,80,0,0,0,0,0,80,0,0,0,0,1,0,1
2019,DET,AL,greingr01,58,57,58,58,0,58,0,0,0,0,0,0,0,0,0,0,0
2019,ARI,NL,greinza01,26,23,24,23,23,0,0,0,0,0,0,0,0,0,0,3,0
2019,HOU,AL,greinza01,10,10,1,10,10,0,0,0,0,0,0,0,0,0,0,0,0
2019,TOR,AL,grichra01,151,148,151,140,0,0,0,0,0,0,0,62,92,140,10,2,1
2019,MIL,NL,grishtr01,51,36,51,42,0,0,0,0,0,0,17,21,16,42,0,13,0
2019,OAK,AL,grossro01,138,103,138,129,0,0,0,0,0,0,112,1,20,129,0,26,0
2019,SEA,AL,grotzza01,14,0,2,14,14,0,0,0,0,0,0,0,0,0,0,0,0
2019,PHI,NL,grullde01,4,2,4,2,0,2,0,0,0,0,0,0,0,0,1,2,0
2019,NYN,NL,gsellro01,52,0,50,52,52,0,0,0,0,0,0,0,0,0,0,0,0
2019,HOU,AL,guduare01,7,0,0,7,7,0,0,0,0,0,0,0,0,0,0,0,0
2019,MIL,NL,guerrde01,1,0,1,1,1,0,0,0,0,0,0,0,0,0,0,0,0
2019,TOR,AL,guerrja01,11,0,0,11,11,0,0,0,0,0,0,0,0,0,0,0,0
2019,WAS,NL,guerrja01,40,0,33,40,40,0,0,0,0,0,0,0,0,0,0,0,0
2019,SDN,NL,guerrja02,8,0,8,8,8,0,0,0,0,0,0,0,0,0,0,0,0
2019,MIL,NL,guerrju02,72,0,65,72,72,0,0,0,0,0,0,0,0,0,0,0,0
2019,MIA,NL,guerrta01,52,0,48,52,52,0,0,0,0,0,0,0,0,0,0,0,0
2019,TEX,AL,guerrta02,20,0,1,20,20,0,0,0,0,0,0,0,0,0,0,0,0
2019,TOR,AL,guerrvl02,123,118,123,96,0,0,0,0,96,0,0,0,0,0,24,5,0
2019,SEA,AL,guilbta01,17,0,2,17,17,0,0,0,0,0,0,0,0,0,0,0,0
2019,NYN,NL,guilllu01,45,8,45,20,0,0,0,8,5,8,0,0,0,0,1,25,4
2019,TOR,AL,gurrilo01,84,79,84,74,0,0,3,9,0,0,63,0,0,63,9,3,0
2019,SFN,NL,gustaja01,23,0,20,23,23,0,0,0,0,0,0,0,0,0,0,0,0
2019,KCA,AL,gutieke01,20,20,20,18,0,0,0,0,18,0,0,0,0,0,2,0,0
2019,TEX,AL,guzmaro01,87,73,87,81,0,0,81,0,0,0,0,0,0,0,1,7,0
2019,LAN,NL,gyorkje01,24,6,24,16,0,0,7,1,9,0,0,0,0,0,1,12,1
2019,SLN,NL,gyorkje01,38,9,38,16,1,0,1,2,12,0,0,0,0,0,0,24,0
2019,CLE,AL,haaseer01,10,3,10,8,0,8,0,0,0,0,0,0,0,0,2,3,0
2019,MIL,NL,haderjo01,61,0,56,61,61,0,0,0,0,0,0,0,0,0,0,0,0
2019,NYN,NL,haggesa01,11,0,11,2,0,0,0,1,0,0,0,0,1,1,0,3,8
2019,KCA,AL,hahnje01,6,0,1,6,6,0,0,0,0,0,0,0,0,0,0,0,0
2019,NYA,AL,haleda02,20,0,0,20,20,0,0,0,0,0,0,0,0,0,0,0,0
2019,DET,AL,hallma02,16,0,0,16,16,0,0,0,0,0,0,0,0,0,0,0,0
2019,CHN,NL,hamelco01,27,27,24,27,27,0,0,0,0,0,0,0,0,0,0,0,0
2019,ATL,NL,hamilbi02,26,9,26,24,0,0,0,0,0,0,0,24,0,24,0,6,5
2019,KCA,AL,hamilbi02,93,80,93,90,0,0,0,0,0,0,0,90,0,90,1,2,2
2019,PHI,NL,hammejd01,20,0,20,20,20,0,0,0,0,0,0,0,0,0,0,0,0
2019,COL,NL,hampsga01,105,72,105,89,0,0,0,50,0,15,2,31,0,33,0,18,1
2019,CLE,AL,handbr01,60,0,2,60,60,0,0,0,0,0,0,0,0,0,0,0,0
2019,SEA,AL,hanigmi01,63,62,63,62,0,0,0,0,0,0,0,24,43,62,1,0,1
2019,TOR,AL,hansoal01,18,11,18,14,0,0,2,8,0,0,1,0,5,6,2,3,3
2019,CHN,NL,happia01,58,28,58,49,0,0,7,13,8,0,15,13,8,29,0,19,0
2019,NYA,AL,happja01,32,30,2,31,31,0,0,0,0,0,0,0,0,0,0,1,0
2019,DET,AL,hardybl01,39,0,3,39,39,0,0,0,0,0,0,0,0,0,0,0,0
2019,PHI,NL,harpebr03,157,154,157,152,0,0,0,0,0,0,0,0,152,152,2,3,0
2019,MIN,AL,harpery01,61,0,5,61,61,0,0,0,0,0,0,0,0,0,0,0,0
2019,DET,AL,harrijo05,36,34,36,34,0,0,0,34,0,0,0,0,0,0,1,0,2
2019,HOU,AL,harriwi02,68,0,5,68,68,0,0,0,0,0,0,0,0,0,0,0,0
2019,MIL,NL,hartdo01,4,0,4,4,4,0,0,0,0,0,0,0,0,0,0,0,0
2019,NYN,NL,hartdo01,1,0,1,1,1,0,0,0,0,0,0,0,0,0,0,0,0
2019,PIT,NL,hartlge01,29,0,27,29,29,0,0,0,0,0,0,0,0,0,0,0,0
2019,BAL,AL,harvehu01,7,0,1,7,7,0,0,0,0,0,0,0,0,0,0,0,0
2019,COL,NL,harvejo01,9,0,9,9,9,0,0,0,0,0,0,0,0,0,0,0,0
2019,NYA,AL,harvejo01,9,0,1,9,9,0,0,0,0,0,0,0,0,0,0,0,0
2019,LAA,AL,harvema01,12,12,0,12,12,0,0,0,0,0,0,0,0,0,0,0,0
2019,PHI,NL,haselad01,67,59,67,65,0,0,0,0,0,0,22,40,10,65,0,3,1
2019,BAL,AL,haysau01,21,15,21,20,0,0,0,0,0,0,0,20,0,20,0,4,0
2019,SEA,AL,healyry01,47,46,47,47,0,0,11,0,44,0,0,0,0,0,0,0,0
2019,LAA,AL,heanean01,18,18,0,18,18,0,0,0,0,0,0,0,0,0,0,0,0
2019,TEX,AL,hearnta01,1,1,0,1,1,0,0,0,0,0,0,0,0,0,0,0,0
2019,ATL,NL,hechaad01,24,15,24,16,0,0,0,3,1,12,0,0,0,0,1,8,0
2019,NYN,NL,hechaad01,60,29,60,47,0,0,0,26,8,15,0,0,0,0,0,13,3
2019,SDN,NL,hedgeau01,102,93,102,96,0,95,0,0,2,0,0,0,0,0,0,7,0
2019,TEX,AL,heinesc01,25,21,25,25,0,0,4,0,0,0,6,9,8,21,0,0,0
2019,MIA,NL,heinety01,5,2,5,2,0,2,0,0,0,0,0,0,0,0,0,3,0
2019,NYA,AL,hellebe01,6,0,0,6,6,0,0,0,0,0,0,0,0,0,0,0,0
2019,WAS,NL,hellije01,9,8,9,9,9,0,0,0,0,0,0,0,0,0,0,0,0
2019,SLN,NL,helslry01,24,0,24,24,24,0,0,0,0,0,0,0,0,0,0,0,0
2019,BOS,AL,hembrhe01,45,0,0,45,45,0,0,0,0,0,0,0,0,0,0,0,0
2019,CHN,NL,hendrky01,31,30,29,30,30,0,0,0,0,0,0,0,0,0,0,1,0
2019,OAK,AL,hendrli01,75,2,5,75,75,0,0,0,0,0,0,0,0,0,0,0,0
2019,TBA,AL,heredgu01,89,55,89,79,0,0,0,0,0,0,14,41,28,79,2,9,9
2019,CIN,NL,hergeji01,5,0,5,5,5,0,0,0,0,0,0,0,0,0,0,0,0
2019,LAA,AL,hermomi01,18,12,18,18,0,0,0,0,0,0,14,5,2,18,0,0,1
2019,PHI,NL,hernace02,161,155,161,157,0,0,0,157,0,0,0,0,0,0,0,4,0
2019,CIN,NL,hernada01,47,0,44,47,47,0,0,0,0,0,0,0,0,0,0,0,0
2019,BOS,AL,hernada02,29,1,2,29,29,0,0,0,0,0,0,0,0,0,0,0,0
2019,MIA,NL,hernael01,21,15,20,21,21,0,0,0,0,0,0,0,0,0,0,0,0
2019,LAN,NL,hernaen02,130,100,130,122,0,0,2,85,1,11,10,20,17,43,0,22,1
2019,SEA,AL,hernafe02,15,15,2,15,15,0,0,0,0,0,0,0,0,0,0,0,0
2019,BOS,AL,hernago01,20,12,20,15,0,0,0,0,0,0,6,2,7,15,1,2,3
2019,TEX,AL,hernajo02,9,2,0,9,9,0,0,0,0,0,0,0,0,0,0,0,0
2019,BOS,AL,hernama02,61,29,61,50,0,0,0,48,0,2,0,0,0,0,3,19,4
2019,TOR,AL,hernate01,125,111,125,118,0,0,0,0,0,0,46,79,0,118,2,9,2
2019,CHA,AL,herreke01,57,0,3,57,57,0,0,0,0,0,0,0,0,0,0,0,0
2019,PHI,NL,herreod01,39,32,39,37,0,0,0,0,0,0,0,37,0,37,0,5,0
2019,MIA,NL,herrero02,63,20,63,51,0,0,0,1,1,1,13,25,15,48,0,26,6
2019,OAK,AL,herrmch01,30,23,30,28,0,25,0,0,0,0,3,0,0,3,0,5,0
2019,BAL,AL,hessda01,23,14,2,23,23,0,0,0,0,0,0,0,0,0,0,0,0
2019,CHN,NL,heywaja01,147,137,147,144,0,0,0,0,0,0,0,84,105,144,0,7,0
2019,NYA,AL,hicksaa01,59,56,59,58,0,0,0,0,0,0,0,58,0,58,1,1,0
2019,DET,AL,hicksjo02,95,81,95,89,0,60,29,0,0,0,0,0,0,0,3,11,1
2019,SLN,NL,hicksjo03,29,0,28,29,29,0,0,0,0,0,0,0,0,0,0,0,0
2019,NYA,AL,higasky01,18,14,18,18,0,18,0,0,0,0,0,0,0,0,0,0,0
2019,MIN,AL,hildetr01,22,0,4,22,22,0,0,0,0,0,0,0,0,0,0,0,0
2019,COL,NL,hillisa01,27,18,27,25,0,0,0,0,0,0,5,17,6,25,0,6,0
2019,LAN,NL,hillri01,13,13,11,13,13,0,0,0,0,0,0,0,0,0,0,0,0
2019,KCA,AL,hillti01,46,0,3,46,46,0,0,0,0,0,0,0,0,0,0,0,0
2019,ARI,NL,hiranyo01,62,0,56,62,62,0,0,0,0,0,0,0,0,0,0,0,0
2019,MIL,NL,hiurake01,84,79,84,81,0,0,0,81,0,0,0,0,0,0,0,3,0
2019,CHN,NL,hoernni01,20,19,20,19,0,0,0,1,0,17,0,1,0,1,0,1,0
2019,COL,NL,hoffmje02,18,15,18,15,15,0,0,0,0,0,0,0,0,0,0,0,3
2019,MIA,NL,holadbr01,43,34,43,39,1,38,0,0,0,0,0,0,0,0,0,4,0
2019,NYA,AL,holdejo02,34,1,2,34,34,0,0,0,0,0,0,0,0,0,0,0,0
2019,CHN,NL,hollade01,20,1,20,20,20,0,0,0,0,0,0,0,0,0,0,0,0
2019,SFN,NL,hollade01,33,7,32,31,31,0,0,0,0,0,0,0,0,0,0,0,2
2019,ARI,NL,hollagr01,40,0,39,40,40,0,0,0,0,0,0,0,0,0,0,0,0
2019,PIT,NL,holmecl01,35,0,32,35,35,0,0,0,0,0,0,0,0,0,0,0,0
2019,BOS,AL,holtbr01,87,73,87,82,0,0,11,60,4,6,4,0,6,9,1,12,1
2019,PHI,NL,hoskirh01,160,159,160,158,0,0,158,0,0,0,0,0,0,0,2,0,0
2019,SDN,NL,hosmeer01,160,156,160,157,0,0,157,0,0,0,0,0,0,0,1,3,0
2019,MIL,NL,housead01,35,18,32,35,35,0,0,0,0,0,0,0,0,0,0,0,0
2019,COL,NL,howarsa01,20,0,19,20,20,0,0,0,0,0,0,0,0,0,0,0,0
2019,CLE,AL,hoytja01,8,0,1,8,8,0,0,0,0,0,0,0,0,0,0,0,0
2019,TEX,AL,huangwe01,4,0,0,4,4,0,0,0,0,0,0,0,0,0,0,0,0
2019,TOR,AL,hudsoda01,45,1,2,45,45,0,0,0,0,0,0,0,0,0,0,0,0
2019,WAS,NL,hudsoda01,24,0,23,24,24,0,0,0,0,0,0,0,0,0,0,0,0
2019,SLN,NL,hudsoda02,33,32,30,33,33,0,0,0,0,0,0,0,0,0,0,0,0
2019,SLN,NL,hudsojo03,1,0,1,0,0,0,0,0,0,0,0,0,0,0,0,1,0
2019,CIN,NL,hugheja02,47,0,44,47,47,0,0,0,0,0,0,0,0,0,0,0,0
2019,PHI,NL,hugheja02,25,0,22,25,25,0,0,0,0,0,0,0,0,0,0,0,0
2019,CHN,NL,hultzda01,6,0,6,6,6,0,0,0,0,0,0,0,0,0,0,0,0
2019,OAK,AL,hundlni01,31,23,31,30,0,30,0,0,0,0,0,0,0,0,0,1,0
2019,PHI,NL,hunteto02,5,0,5,5,5,0,0,0,0,0,0,0,0,0,0,0,0
2019,COL,NL,iannech01,52,38,52,45,0,45,0,0,0,0,0,0,0,0,1,10,0
2019,CIN,NL,iglesjo01,146,136,146,144,0,0,0,0,0,144,0,0,0,0,0,6,0
2019,CIN,NL,iglesra01,68,0,64,68,68,0,0,0,0,0,0,0,0,0,0,0,0
2019,ATL,NL,inciaen01,65,57,65,63,0,0,0,0,0,0,0,63,0,63,0,3,1
2019,PHI,NL,irvinco01,16,3,14,16,16,0,0,0,0,0,0,0,0,0,0,0,0
2019,ATL,NL,jacksal02,4,4,4,4,0,4,0,0,0,0,0,0,0,0,0,0,0
2019,BAL,AL,jacksdr01,3,1,3,3,0,0,0,0,0,0,1,2,0,3,0,2,0
2019,DET,AL,jacksed01,10,8,0,10,10,0,0,0,0,0,0,0,0,0,0,0,0
2019,TOR,AL,jacksed01,8,5,2,8,8,0,0,0,0,0,0,0,0,0,0,0,0
2019,MIL,NL,jacksja01,28,0,27,28,28,0,0,0,0,0,0,0,0,0,0,0,0
2019,ATL,NL,jackslu01,70,0,65,70,70,0,0,0,0,0,0,0,0,0,0,0,0
2019,HOU,AL,jamesjo02,49,1,3,49,49,0,0,0,0,0,0,0,0,0,0,0,0
2019,SDN,NL,jankotr01,25,2,25,11,0,0,0,0,0,0,2,5,5,11,0,13,6
2019,TOR,AL,janseda01,107,98,107,103,0,103,0,0,0,0,0,0,0,0,4,3,0
2019,LAN,NL,janseke01,62,0,59,62,62,0,0,0,0,0,0,0,0,0,0,0,0
2019,CHA,AL,jayjo02,47,44,47,45,0,0,0,0,0,0,13,0,33,45,2,2,0
2019,MIL,NL,jeffrje01,48,0,45,48,48,0,0,0,0,0,0,0,0,0,0,0,0
2019,WAS,NL,jennida01,8,0,8,8,8,0,0,0,0,0,0,0,0,0,0,0,0
2019,PIT,NL,jerezwi01,6,0,6,6,6,0,0,0,0,0,0,0,0,0,0,0,0
2019,SFN,NL,jerezwi01,6,0,6,6,6,0,0,0,0,0,0,0,0,0,0,0,0
2019,LAA,AL,jewelja01,18,0,4,18,18,0,0,0,0,0,0,0,0,0,0,0,0
2019,DET,AL,jimened01,8,0,0,8,8,0,0,0,0,0,0,0,0,0,0,0,0
2019,CHA,AL,jimenel02,122,122,122,114,0,0,0,0,0,0,114,0,0,114,8,0,0
2019,DET,AL,jimenjo02,66,0,5,66,66,0,0,0,0,0,0,0,0,0,0,0,0
2019,SFN,NL,joeco01,8,5,8,5,0,0,0,0,0,0,5,0,0,5,0,3,0
2019,BOS,AL,johnsbr02,22,7,3,21,21,0,0,0,0,0,0,0,0,0,0,0,1
2019,COL,NL,johnsdj01,28,0,27,28,28,0,0,0,0,0,0,0,0,0,0,0,0
2019,ARI,NL,jonesad01,137,118,137,130,0,0,0,0,0,0,0,1,130,130,0,14,0
2019,DET,AL,jonesja07,88,83,88,85,0,0,0,0,0,0,0,85,0,85,1,2,1
2019,CHA,AL,jonesna01,13,0,0,13,13,0,0,0,0,0,0,0,0,0,0,0,0
2019,ARI,NL,josepca01,20,11,20,17,2,16,0,0,0,0,0,0,0,0,0,3,0
2019,OAK,AL,josepco01,11,10,11,10,0,0,0,9,1,0,0,0,0,0,1,0,0
2019,PIT,NL,josepco01,9,0,9,2,0,0,0,1,0,0,0,0,1,1,0,8,0
2019,SFN,NL,josepco01,8,3,8,5,0,0,0,3,2,0,0,0,0,0,0,3,0
2019,ATL,NL,joycema01,129,39,129,37,0,0,0,0,0,0,4,0,33,37,6,87,0
2019,NYA,AL,judgeaa01,102,99,102,92,0,0,0,0,0,0,0,0,92,92,10,2,0
2019,KCA,AL,junisja01,31,31,1,31,31,0,0,0,0,0,0,0,0,0,0,0,0
2019,TEX,AL,juradar01,32,18,2,32,32,0,0,0,0,0,0,0,0,0,0,0,0
2019,NYA,AL,kahnlto01,72,0,6,72,72,0,0,0,0,0,0,0,0,0,0,0,0
2019,PIT,NL,kangju01,65,39,65,57,0,0,0,0,44,15,0,0,0,0,0,16,0
2019,CLE,AL,karinja01,5,0,1,5,5,0,0,0,0,0,0,0,0,0,0,0,0
2019,BAL,AL,karnsna01,4,2,0,4,4,0,0,0,0,0,0,0,0,0,0,0,0
2019,TOR,AL,kayan01,3,2,0,3,3,0,0,0,0,0,0,0,0,0,0,0,0
2019,PIT,NL,kelake01,32,0,29,32,32,0,0,0,0,0,0,0,0,0,0,0,0
2019,KCA,AL,kellebr01,28,28,3,28,28,0,0,0,0,0,0,0,0,0,0,0,0
2019,MIA,NL,kelleky01,10,0,9,10,10,0,0,0,0,0,0,0,0,0,0,0,0
2019,PIT,NL,kellemi03,11,11,10,11,11,0,0,0,0,0,0,0,0,0,0,0,0
2019,TEX,AL,kellesh01,51,0,3,51,51,0,0,0,0,0,0,0,0,0,0,0,0
2019,BOS,AL,kelletr01,10,0,0,10,10,0,0,0,0,0,0,0,0,0,0,0,0
2019,ARI,NL,kellyca02,111,85,111,102,0,101,0,0,1,0,0,0,0,0,0,15,0
2019,LAN,NL,kellyjo05,55,0,52,55,55,0,0,0,0,0,0,0,0,0,0,0,0
2019,ARI,NL,kellyme01,32,32,30,32,32,0,0,0,0,0,0,0,0,0,0,0,0
2019,CIN,NL,kempma01,20,15,20,17,0,0,0,0,0,0,17,0,0,17,0,4,0
2019,CHN,NL,kempto01,44,15,44,21,0,0,0,14,0,0,6,1,3,8,0,26,0
2019,HOU,AL,kempto01,66,41,66,52,0,0,0,29,0,0,14,11,0,25,6,12,2
2019,WAS,NL,kendrho01,121,70,121,81,0,0,48,23,15,0,0,0,0,0,7,41,0
2019,KCA,AL,kenneia01,63,0,4,63,63,0,0,0,0,0,0,0,0,0,0,0,0
2019,MIN,AL,keplema01,134,127,134,130,0,0,0,0,0,0,0,60,84,130,2,4,1
2019,LAN,NL,kershcl01,29,28,28,29,29,0,0,0,0,0,0,0,0,0,0,0,0
2019,ATL,NL,keuchda01,19,19,19,19,19,0,0,0,0,0,0,0,0,0,0,0,0
2019,WAS,NL,kieboca01,11,10,11,10,0,0,0,0,0,10,0,0,0,0,0,1,0
2019,TBA,AL,kiermke01,129,117,129,125,0,0,0,0,0,0,0,125,0,125,1,8,1
2019,SEA,AL,kikucyu01,32,32,1,32,32,0,0,0,0,0,0,0,0,0,0,0,0
2019,CHN,NL,kimbrcr01,23,0,22,23,23,0,0,0,0,0,0,0,0,0,0,0,0
2019,TEX,AL,kineris01,65,55,65,63,0,38,0,0,25,0,0,0,0,0,1,1,1
2019,PHI,NL,kingesc01,126,115,126,120,0,0,0,10,41,18,10,65,1,69,0,8,0
2019,PIT,NL,kinghni01,14,4,13,14,14,0,0,0,0,0,0,0,0,0,0,0,0
2019,TOR,AL,kinghni01,11,0,0,11,11,0,0,0,0,0,0,0,0,0,0,0,0
2019,NYA,AL,kingmi01,1,0,0,1,1,0,0,0,0,0,0,0,0,0,0,0,0
2019,MIA,NL,kinlety01,52,0,49,52,52,0,0,0,0,0,0,0,0,0,0,0,0
2019,SDN,NL,kinslia01,87,63,87,73,1,0,0,72,0,0,0,0,0,0,0,19,1
2019,CHN,NL,kintzbr01,62,0,58,62,62,0,0,0,0,0,0,0,0,0,0,0,0
2019,CLE,AL,kipnija01,121,121,121,117,0,0,0,117,0,0,0,0,0,0,4,0,0
2019,TBA,AL,kittran01,37,7,3,37,37,0,0,0,0,0,0,0,0,0,0,0,0
2019,BAL,AL,klinebr01,34,0,3,34,34,0,0,0,0,0,0,0,0,0,0,0,0
2019,CLE,AL,klubeco01,7,7,1,7,7,0,0,0,0,0,0,0,0,0,0,0,0
2019,PHI,NL,knappan01,74,30,74,44,0,43,1,0,0,0,0,0,0,0,0,34,0
2019,SLN,NL,kniznan01,18,13,18,17,0,16,1,0,0,0,0,0,0,0,0,2,2
2019,ARI,NL,kochma01,9,0,9,9,9,0,0,0,0,0,0,0,0,0,0,0,0
2019,LAN,NL,kolarad01,27,0,25,27,26,0,1,0,0,0,0,0,0,0,0,0,0
2019,TBA,AL,kolarad01,54,0,4,54,54,0,2,0,0,0,0,0,0,0,0,0,0
2019,PIT,NL,krameke01,22,11,22,17,0,0,0,3,0,0,7,0,7,14,0,8,0
2019,SFN,NL,kratzer01,15,9,15,11,0,11,0,0,0,0,0,0,0,0,0,4,0
2019,TBA,AL,kratzer01,6,4,6,6,0,6,0,0,0,0,0,0,0,0,0,0,0
2019,CIN,NL,kuhnejo01,11,0,11,11,11,0,0,0,0,0,0,0,0,0,0,0,0
2019,NYN,NL,lagarju01,133,67,133,125,0,0,0,0,0,0,0,125,0,125,0,14,9
2019,NYA,AL,lailbr01,1,0,0,1,1,0,0,0,0,0,0,0,0,0,0,0,0
2019,BOS,AL,lakintr01,16,3,0,16,16,0,0,0,0,0,0,0,0,0,0,0,0
2019,MIN,AL,lamarry01,14,7,14,13,0,0,0,0,0,0,0,12,2,13,1,2,0
2019,COL,NL,lambepe01,22,19,21,19,19,0,0,0,0,0,0,0,0,0,0,1,2
2019,ARI,NL,lambja01,78,53,78,57,0,0,24,0,36,0,0,0,0,0,1,24,0
2019,SDN,NL,lametdi01,14,14,13,14,14,0,0,0,0,0,0,0,0,0,0,0,0
2019,LAA,AL,lasteto01,80,73,80,74,0,0,3,46,30,0,0,0,0,0,3,4,1
2019,SDN,NL,lauerer01,30,29,29,30,30,0,0,0,0,0,0,0,0,0,0,0,0
2019,OAK,AL,laurera01,123,115,123,122,0,0,0,0,0,0,0,110,13,122,0,3,0
2019,CIN,NL,lavarry01,5,4,5,5,0,5,0,0,0,0,0,0,0,0,0,0,0
2019,TOR,AL,lawde01,58,4,4,58,58,0,0,0,0,0,0,0,0,0,0,0,0
2019,ARI,NL,leakemi01,10,10,10,10,10,0,0,0,0,0,0,0,0,0,0,0,0
2019,SEA,AL,leakemi01,22,22,1,22,22,0,0,0,0,0,0,0,0,0,0,0,0
2019,SEA,AL,leblawa01,26,8,2,26,26,0,0,0,0,0,0,0,0,0,0,0,0
2019,TEX,AL,leclejo01,70,3,5,70,70,0,0,0,0,0,0,0,0,0,0,0,0
2019,NYA,AL,lemahdj01,145,142,145,144,0,0,40,75,52,0,0,0,0,0,1,1,1
2019,SLN,NL,leonedo01,40,0,39,40,40,0,0,0,0,0,0,0,0,0,0,0,0
2019,BOS,AL,leonsa01,65,50,65,65,0,65,1,0,0,0,0,0,0,0,1,1,0
2019,CHN,NL,lestejo01,32,31,28,31,31,0,0,0,0,0,0,0,0,0,0,1,0
2019,SEA,AL,lewisky01,18,17,18,18,0,0,0,0,0,0,0,2,17,18,0,1,0
2019,ARI,NL,leybado01,21,3,21,10,0,0,0,8,1,2,0,0,0,0,0,15,0
2019,CLE,AL,lindofr01,143,142,143,137,0,0,0,0,0,137,0,0,0,0,5,1,0
2019,BOS,AL,lintz01,13,6,13,11,0,0,0,8,0,2,0,1,0,1,0,1,1
2019,PIT,NL,liriafr01,69,0,67,69,69,0,0,0,0,0,0,0,0,0,0,0,0
2019,MIN,AL,litteza01,29,0,1,29,29,0,0,0,0,0,0,0,0,0,0,0,0
2019,KCA,AL,livelbe01,1,0,0,1,1,0,0,0,0,0,0,0,0,0,0,0,0
2019,NYA,AL,loaisjo01,15,4,0,15,15,0,0,0,0,0,0,0,0,0,0,0,0
2019,ARI,NL,locasti01,91,44,91,69,0,0,0,0,0,0,34,20,25,69,0,19,8
2019,NYN,NL,lockean01,9,4,9,9,9,0,0,0,0,0,0,0,0,0,0,0,0
2019,SFN,NL,longoev01,129,117,129,119,0,0,0,0,119,0,0,0,0,0,0,12,0
2019,SEA,AL,longsh01,42,39,42,40,0,0,0,24,1,0,16,0,0,16,1,2,1
2019,SEA,AL,lopesti01,41,31,41,37,0,0,0,3,0,0,33,0,3,35,3,7,1
2019,KCA,AL,lopezjo02,39,18,3,39,39,0,0,0,0,0,0,0,0,0,0,0,0
2019,KCA,AL,lopezni01,103,100,103,101,0,0,0,76,0,33,0,0,0,0,1,1,1
2019,MIA,NL,lopezpa01,22,21,21,21,21,0,0,0,0,0,0,0,0,0,0,1,0
2019,CHA,AL,lopezre01,33,33,3,33,33,0,0,0,0,0,0,0,0,0,0,0,0
2019,ARI,NL,lopezyo01,70,0,65,70,70,0,0,0,0,0,0,0,0,0,0,0,0
2019,CIN,NL,lorenmi01,105,6,100,93,73,0,0,0,0,0,8,18,4,29,0,7,13
2019,SDN,NL,loupaa01,4,0,4,4,4,0,0,0,0,0,0,0,0,0,0,0,0
2019,KCA,AL,lovelri01,25,0,1,25,25,0,0,0,0,0,0,0,0,0,0,0,0
2019,TBA,AL,lowebr01,82,72,82,77,0,0,5,69,0,0,2,0,5,7,3,9,0
2019,TBA,AL,lowena01,50,36,50,25,0,0,21,0,4,0,0,0,0,0,17,12,0
2019,NYN,NL,lowrije01,9,0,9,0,0,0,0,0,0,0,0,0,0,0,0,9,0
2019,BAL,AL,lucasjo02,9,0,1,9,9,0,0,0,0,0,0,0,0,0,0,0,0
2019,SDN,NL,lucchjo01,30,30,28,30,30,0,0,0,0,0,0,0,0,0,0,0,0
2019,TOR,AL,luciael01,25,0,1,25,25,0,0,0,0,0,0,0,0,0,0,0,0
2019,CHN,NL,lucrojo01,27,14,27,24,0,20,4,0,0,0,0,0,0,0,0,5,0
2019,LAA,AL,lucrojo01,74,64,74,69,0,67,5,0,0,0,0,0,0,0,3,3,0
2019,DET,AL,lugoda01,77,70,77,73,0,0,0,0,73,0,0,0,0,0,2,1,4
2019,NYN,NL,lugose01,61,0,57,61,61,0,0,0,0,0,0,0,0,0,0,0,0
2019,CLE,AL,luplojo01,85,60,85,76,0,0,0,0,0,0,34,4,42,76,4,22,0
2019,LAN,NL,luxga01,23,19,23,22,0,0,0,22,0,0,0,0,0,0,1,4,0
2019,OAK,AL,luzarje01,6,0,0,6,6,0,0,0,0,0,0,0,0,0,0,0,0
2019,MIL,NL,lylesjo01,11,11,10,11,11,0,0,0,0,0,0,0,0,0,0,0,0
2019,PIT,NL,lylesjo01,17,17,16,17,17,0,0,0,0,0,0,0,0,0,0,0,0
2019,TEX,AL,lynnla01,33,33,1,33,33,0,0,0,0,0,0,0,0,0,0,0,0
2019,NYA,AL,lyonsty01,11,0,0,11,11,0,0,0,0,0,0,0,0,0,0,0,0
2019,PIT,NL,lyonsty01,3,0,3,3,3,0,0,0,0,0,0,0,0,0,0,0,0
2019,SDN,NL,machama01,156,154,156,154,0,0,0,0,119,37,0,0,0,0,0,2,0
2019,LAN,NL,maedake01,41,26,38,37,37,0,0,0,0,0,0,0,0,0,0,3,1
2019,MIN,AL,magilma01,28,0,0,28,28,0,0,0,0,0,0,0,0,0,0,0,0
2019,SEA,AL,magilma01,22,0,1,22,22,0,0,0,0,0,0,0,0,0,0,0,0
2019,CIN,NL,mahlety01,27,25,24,25,25,0,0,0,0,0,0,0,0,0,0,0,2
2019,DET,AL,mahtomi01,9,6,9,8,0,0,0,0,0,0,1,7,0,8,1,0,2
2019,TOR,AL,mailelu01,45,41,44,45,2,44,0,0,0,0,0,0,0,0,0,0,0
2019,CHN,NL,maldoma01,4,4,4,4,0,4,0,0,0,0,0,0,0,0,0,0,0
2019,HOU,AL,maldoma01,27,24,27,27,0,26,1,0,0,0,0,0,0,0,0,1,0
2019,KCA,AL,maldoma01,74,70,74,73,0,73,0,0,0,0,0,0,0,0,0,1,0
2019,OAK,AL,manaese01,5,5,0,5,5,0,0,0,0,0,0,0,0,0,0,0,0
2019,BAL,AL,mancitr01,154,153,154,134,0,0,56,0,0,0,6,0,87,92,17,1,0
2019,NYA,AL,mantijo01,1,0,0,1,1,0,0,0,0,0,0,0,0,0,0,0,0
2019,CHN,NL,mapledi01,14,0,12,14,14,0,0,0,0,0,0,0,0,0,0,0,0
2019,SDN,NL,margeni01,17,12,17,17,17,0,0,0,0,0,0,0,0,0,0,0,0
2019,SDN,NL,margoma01,151,98,151,135,0,0,0,0,0,0,0,135,0,135,0,22,4
2019,HOU,AL,marisja01,120,73,120,109,0,0,0,0,0,0,0,109,0,109,6,7,10
2019,ATL,NL,markani01,116,108,116,111,0,0,0,0,0,0,9,0,103,111,1,6,0
2019,PIT,NL,markepa01,15,0,15,15,15,0,0,0,0,0,0,0,0,0,0,0,0
2019,SEA,AL,markepa01,5,0,0,5,5,0,0,0,0,0,0,0,0,0,0,0,0
2019,COL,NL,marquge01,29,28,25,28,28,0,0,0,0,0,0,0,0,0,0,1,0
2019,MIA,NL,marrede01,5,1,5,3,0,0,0,0,1,2,0,0,0,0,0,3,1
2019,CHA,AL,marshev01,55,0,7,55,55,0,0,0,0,0,0,0,0,0,0,0,0
2019,ARI,NL,marteke01,144,139,144,142,0,0,0,83,0,11,0,96,0,96,0,3,0
2019,PIT,NL,martest01,132,128,132,130,0,0,0,0,0,0,0,130,0,130,0,1,2
2019,TEX,AL,martibr01,51,2,4,51,51,0,0,0,0,0,0,0,0,0,0,0,0
2019,SLN,NL,martica04,48,0,43,48,48,0,0,0,0,0,0,0,0,0,0,0,0
2019,ATL,NL,martich02,20,0,16,20,20,0,0,0,0,0,0,0,0,0,0,0,0
2019,TEX,AL,martich02,38,0,4,38,38,0,0,0,0,0,0,0,0,0,0,0,0
2019,HOU,AL,martico02,5,5,0,5,5,0,0,0,0,0,0,0,0,0,0,0,0
2019,PIT,NL,martija03,20,9,20,15,0,0,0,0,0,0,12,3,0,15,0,4,4
2019,BOS,AL,martijd02,146,144,146,38,0,0,0,0,0,0,15,0,24,38,107,2,0
2019,SLN,NL,martijo08,128,80,128,79,0,0,0,0,0,0,7,0,75,79,8,42,0
2019,CLE,AL,martile01,65,65,65,65,0,0,0,0,0,0,0,65,0,65,0,0,0
2019,OAK,AL,martini02,6,2,6,3,1,0,0,0,0,0,3,0,0,3,1,3,0
2019,SDN,NL,martini02,26,21,26,23,0,0,0,0,0,0,23,0,0,23,0,4,0
2019,BAL,AL,martiri01,120,89,120,117,0,0,0,0,0,117,0,0,0,0,1,2,6
2019,LAN,NL,martiru01,83,52,83,69,4,60,0,0,7,0,0,0,0,0,0,20,0
2019,PIT,NL,marveja01,4,4,4,4,4,0,0,0,0,0,0,0,0,0,0,0,0
2019,TEX,AL,mathije01,88,76,86,88,2,86,0,0,0,0,0,0,0,0,0,0,0
2019,CLE,AL,matonph01,9,0,2,9,9,0,0,0,0,0,0,0,0,0,0,0,0
2019,SDN,NL,matonph01,21,0,18,21,21,0,0,0,0,0,0,0,0,0,0,0,0
2019,NYN,NL,matzst01,36,30,35,32,32,0,0,0,0,0,0,0,0,0,0,3,1
2019,NYA,AL,maybica01,82,65,82,77,0,0,0,0,0,0,46,3,36,77,2,4,3
2019,LAN,NL,maydu01,14,4,13,14,14,0,0,0,0,0,0,0,0,0,0,0,0
2019,SLN,NL,mayermi01,16,0,15,16,16,0,0,0,0,0,0,0,0,0,0,0,0
2019,HOU,AL,mayfija01,26,16,26,26,0,0,0,5,1,21,0,0,0,0,0,2,2
2019,MIN,AL,maytr01,65,0,5,65,65,0,0,0,0,0,0,0,0,0,0,0,0
2019,TOR,AL,mayzati01,68,0,5,68,68,0,0,0,0,0,0,0,0,0,0,0,0
2019,TEX,AL,mazarno01,116,108,116,101,0,0,0,0,0,0,0,0,101,101,8,8,0
2019,NYN,NL,mazzach01,9,0,8,9,9,0,0,0,0,0,0,0,0,0,0,0,0
2019,KCA,AL,mcbrory01,23,19,23,20,0,0,6,0,0,0,3,0,12,14,0,4,0
2019,ATL,NL,mccanbr01,85,79,85,83,0,83,0,0,0,0,0,0,0,0,0,4,0
2019,CHA,AL,mccanja02,118,113,118,106,0,106,0,0,0,0,0,0,0,0,13,2,0
2019,KCA,AL,mccarke01,56,0,4,56,56,0,0,0,0,0,0,0,0,0,0,0,0
2019,SEA,AL,mcclare01,14,2,2,14,14,0,0,0,0,0,0,0,0,0,0,0,0
2019,PHI,NL,mccutan01,59,59,59,57,0,0,0,0,0,0,52,15,0,57,1,0,0
2019,ARI,NL,mcfartj01,51,0,47,51,51,0,0,0,0,0,0,0,0,0,0,0,0
2019,COL,NL,mcgeeja01,45,0,42,45,45,0,0,0,0,0,0,0,0,0,0,0,0
2019,WAS,NL,mcgowky01,7,1,7,7,7,0,0,0,0,0,0,0,0,0,0,0,0
2019,TOR,AL,mcguire01,30,26,30,30,0,30,0,0,0,0,0,0,0,0,0,2,0
2019,HOU,AL,mchugco01,35,8,2,35,35,0,0,0,0,0,0,0,0,0,0,0,0
2019,TBA,AL,mckaybr01,18,12,7,13,13,0,0,0,0,0,0,0,0,0,2,3,1
2019,DET,AL,mckayda02,18,0,0,18,18,0,0,0,0,0,0,0,0,0,0,0,0
2019,SEA,AL,mckayda02,7,0,0,7,7,0,0,0,0,0,0,0,0,0,0,0,0
2019,TOR,AL,mckinbi01,84,65,84,73,0,0,9,0,0,0,29,0,43,69,3,12,3
2019,COL,NL,mcmahry01,141,122,141,135,0,0,19,113,22,0,0,0,0,0,0,14,0
2019,NYN,NL,mcneije01,133,123,133,130,0,0,0,37,31,0,71,0,42,93,0,7,0
2019,PIT,NL,mcraeal01,11,2,11,11,11,0,0,0,0,0,0,0,0,0,0,0,0
2019,TBA,AL,meadoau01,138,129,138,88,0,0,0,0,0,0,34,3,57,88,44,8,0
2019,BAL,AL,meansjo01,31,27,2,31,31,0,0,0,0,0,0,0,0,0,0,0,0
2019,LAA,AL,mejiaad01,20,0,2,20,20,0,0,0,0,0,0,0,0,0,0,0,0
2019,MIN,AL,mejiaad01,13,0,3,13,13,0,0,0,0,0,0,0,0,0,0,0,0
2019,SLN,NL,mejiaad01,2,0,1,2,2,0,0,0,0,0,0,0,0,0,0,0,0
2019,KCA,AL,mejiaer01,9,6,9,8,0,0,0,1,0,1,0,7,0,7,0,2,1
2019,SDN,NL,mejiafr01,79,57,79,64,0,60,0,0,0,0,4,0,0,4,2,19,0
2019,SDN,NL,mejiase01,14,6,14,8,0,0,5,0,2,3,0,0,0,0,0,7,0
2019,ATL,NL,melanma01,23,0,21,23,23,0,0,0,0,0,0,0,0,0,0,0,0
2019,SFN,NL,melanma01,43,0,41,43,43,0,0,0,0,0,0,0,0,0,0,0,0
2019,CIN,NL,mellake01,2,0,2,2,2,0,0,0,0,0,0,0,0,0,0,0,0
2019,COL,NL,melviti01,7,7,7,7,7,0,0,0,0,0,0,0,0,0,0,0,0
2019,TEX,AL,mendeyo01,3,0,0,3,3,0,0,0,0,0,0,0,0,0,0,0,0
2019,CHA,AL,mendida01,16,8,16,11,0,0,0,3,3,5,0,0,0,0,5,3,3
2019,SFN,NL,menezco01,9,3,9,8,8,0,0,0,0,0,0,0,0,0,0,0,1
2019,OAK,AL,mengdda01,13,9,1,13,13,0,0,0,0,0,0,0,0,0,0,0,0
2019,CLE,AL,mercaos01,115,104,115,110,0,0,0,0,0,0,24,82,9,110,1,5,4
2019,DET,AL,mercejo03,74,72,74,73,0,0,5,8,1,59,0,0,0,0,1,1,0
2019,KCA,AL,merriwh01,162,161,162,154,0,0,5,82,0,0,4,17,61,77,8,0,0
2019,LAA,AL,middlke01,11,0,0,11,11,0,0,0,0,0,0,0,0,0,0,0,0
2019,SLN,NL,mikolmi01,32,32,31,32,32,0,0,0,0,0,0,0,0,0,0,0,0
2019,HOU,AL,mileywa01,33,33,3,33,33,0,0,0,0,0,0,0,0,0,0,0,0
2019,SLN,NL,millean01,73,0,67,73,73,0,0,0,0,0,0,0,0,0,0,0,0
2019,CLE,AL,millebr02,13,12,13,13,0,0,0,13,0,0,0,0,0,0,0,1,0
2019,PHI,NL,millebr02,66,26,66,37,0,0,0,0,19,1,16,0,1,17,0,35,1
2019,MIN,AL,milleia01,12,3,12,12,0,0,0,0,0,0,2,8,2,12,0,0,1
2019,WAS,NL,milleju02,17,0,17,17,17,0,0,0,0,0,0,0,0,0,0,0,0
2019,TEX,AL,millesh01,19,8,2,19,19,0,0,0,0,0,0,0,0,0,0,0,0
2019,CHN,NL,millsal02,9,4,9,9,9,0,0,0,0,0,0,0,0,0,0,0,0
2019,TBA,AL,milneho01,4,0,0,4,4,0,0,0,0,0,0,0,0,0,0,0,0
2019,SEA,AL,milonto01,23,6,1,23,23,0,0,0,0,0,0,0,0,0,0,0,0
2019,CHA,AL,minayju01,22,0,2,22,22,0,0,0,0,0,0,0,0,0,0,0,0
2019,TEX,AL,minormi01,33,32,4,32,32,0,0,0,0,0,0,0,0,0,0,1,0
2019,ATL,NL,minteaj01,36,0,35,36,36,0,0,0,0,0,0,0,0,0,0,0,0
2019,SLN,NL,molinya01,113,108,113,111,0,111,4,0,1,0,0,0,0,0,0,3,0
2019,CHA,AL,moncayo01,132,130,132,129,0,0,0,0,129,0,0,0,0,0,1,1,0
2019,KCA,AL,mondera02,102,101,102,100,0,0,0,0,0,100,0,0,0,0,2,1,0
2019,OAK,AL,montafr01,16,16,1,16,16,0,0,0,0,0,0,0,0,0,0,0,0
2019,TEX,AL,montera01,22,0,1,22,22,0,0,0,0,0,0,0,0,0,0,0,0
2019,NYA,AL,montgjo01,2,1,0,2,2,0,0,0,0,0,0,0,0,0,0,0,0
2019,CHN,NL,montgmi01,21,0,18,21,21,0,0,0,0,0,0,0,0,0,0,0,0
2019,KCA,AL,montgmi01,13,13,1,13,13,0,0,0,0,0,0,0,0,0,0,0,0
2019,SEA,AL,moorean02,1,1,0,1,1,0,0,0,0,0,0,0,0,0,0,0,0
2019,SEA,AL,mooredy01,113,67,113,104,1,0,5,18,14,31,31,4,11,45,5,4,13
2019,DET,AL,moorema02,2,2,0,2,2,0,0,0,0,0,0,0,0,0,0,0,0
2019,NYA,AL,moralke01,19,17,19,7,0,0,7,0,0,0,0,0,0,0,10,2,0
2019,OAK,AL,moralke01,34,28,34,26,1,0,26,0,0,0,0,0,0,0,6,5,0
2019,MIA,NL,moranbr01,10,0,10,10,10,0,0,0,0,0,0,0,0,0,0,0,0
2019,PIT,NL,moranco01,149,118,149,133,0,0,8,11,121,0,2,0,0,2,0,23,0
2019,SDN,NL,morejad01,5,2,4,5,5,0,0,0,0,0,0,0,0,0,0,0,0
2019,BOS,AL,morelmi01,91,77,91,85,0,0,85,0,0,0,0,0,0,0,4,14,0
2019,PHI,NL,morgaad01,40,0,38,40,40,0,0,0,0,0,0,0,0,0,0,0,0
2019,MIN,AL,morinmi01,23,0,0,23,23,0,0,0,0,0,0,0,0,0,0,0,0
2019,PHI,NL,morinmi01,29,0,25,29,29,0,0,0,0,0,0,0,0,0,0,0,0
2019,CLE,AL,morofma01,20,7,20,19,0,0,0,9,2,10,0,0,0,0,0,3,3
2019,SFN,NL,moronre01,56,0,52,56,56,0,0,0,0,0,0,0,0,0,0,0,0
2019,PHI,NL,morrilo01,29,3,29,3,0,0,3,0,0,0,0,0,0,0,1,25,0
2019,TBA,AL,mortoch02,33,33,1,33,33,0,0,0,0,0,0,0,0,0,0,0,0
2019,MIL,NL,moustmi01,143,134,143,139,0,0,0,47,105,0,0,0,0,0,1,6,0
2019,BAL,AL,mullice01,22,18,22,22,0,0,0,0,0,0,0,22,0,22,0,2,0
2019,LAN,NL,muncyma01,141,130,141,139,0,0,65,70,35,0,0,0,0,0,0,9,0
2019,SDN,NL,munozan01,22,0,21,22,22,0,0,0,0,0,0,0,0,0,0,0,0
2019,SLN,NL,munozya01,88,29,88,64,0,0,0,4,21,17,11,7,12,28,0,37,3
2019,COL,NL,murphda08,132,101,132,110,0,0,110,3,0,0,0,0,0,0,4,26,0
2019,ARI,NL,murphjr01,25,17,25,19,2,18,0,0,0,0,0,0,0,0,0,6,0
2019,ATL,NL,murphjr01,1,0,1,1,0,1,0,0,0,0,0,0,0,0,0,0,0
2019,OAK,AL,murphse01,20,13,20,18,0,18,0,0,0,0,0,0,0,0,2,3,0
2019,SEA,AL,murphto04,76,71,75,69,3,67,0,0,0,0,1,0,0,1,5,3,0
2019,COL,NL,musgrha01,10,0,9,10,10,0,0,0,0,0,0,0,0,0,0,0,0
2019,PIT,NL,musgrjo01,46,31,44,32,32,0,0,0,0,0,0,0,0,0,0,6,8
2019,SDN,NL,myerswi01,155,106,155,139,0,0,7,0,2,0,98,66,5,134,0,25,2
2019,CLE,AL,naquity01,89,77,89,80,0,0,0,0,0,0,15,0,68,80,3,9,2
2019,SEA,AL,narvaom01,132,108,132,99,0,98,0,1,0,0,0,0,0,0,22,21,0
2019,SDN,NL,naylojo01,94,63,94,62,0,0,0,0,0,0,33,0,31,62,4,30,0
2019,LAN,NL,negrokr01,30,14,30,22,0,0,0,3,3,4,2,7,6,15,0,7,5
2019,SEA,AL,negrokr01,10,7,10,10,0,0,0,0,1,0,4,1,6,9,0,1,1
2019,MIL,NL,nelsoji02,10,3,10,10,10,0,0,0,0,0,0,0,0,0,0,0,0
2019,PHI,NL,nerishe01,68,0,63,68,68,0,0,0,0,0,0,0,0,0,0,0,0
2019,PHI,NL,neshepa01,20,0,20,20,20,0,0,0,0,0,0,0,0,0,0,0,0
2019,OAK,AL,neusesh01,25,16,25,24,0,0,0,20,5,0,0,0,0,0,1,0,0
2019,PIT,NL,neverdo01,10,0,10,10,10,0,0,0,0,0,0,0,0,0,0,0,0
2019,KCA,AL,newbeja01,27,0,1,27,27,0,0,0,0,0,0,0,0,0,0,0,0
2019,ATL,NL,newcose01,55,4,52,55,55,0,0,0,0,0,0,0,0,0,0,0,0
2019,PIT,NL,newmake01,130,116,130,120,0,0,0,23,6,104,2,0,0,2,0,7,4
2019,PHI,NL,nicasju01,47,0,45,47,47,0,0,0,0,0,0,0,0,0,0,0,0
2019,NYN,NL,nidoto01,50,38,50,48,0,48,0,0,0,0,0,0,0,0,0,4,0
2019,NYN,NL,nimmobr01,69,56,69,66,0,0,0,0,0,0,38,43,6,66,0,8,0
2019,MIA,NL,noesihe01,12,4,12,12,12,0,0,0,0,0,0,0,0,0,0,0,0
2019,NYN,NL,nogosst01,7,0,7,7,7,0,0,0,0,0,0,0,0,0,0,0,0
2019,PHI,NL,nolaaa01,34,34,32,34,34,0,0,0,0,0,0,0,0,0,0,0,0
2019,SEA,AL,nolaau01,79,63,79,78,0,7,59,15,4,0,1,0,1,2,0,3,0
2019,WAS,NL,nollja01,8,2,8,3,0,0,2,0,1,0,0,0,0,0,0,5,0
2019,DET,AL,norrida01,33,29,4,32,32,0,0,0,0,0,0,0,0,0,0,0,1
2019,CHN,NL,norwoja01,9,0,9,9,9,0,0,0,0,0,0,0,0,0,0,0,0
2019,MIL,NL,nottija01,9,0,9,7,0,6,1,0,0,0,0,0,0,0,0,4,0
2019,CHA,AL,novaiv01,34,34,3,34,34,0,0,0,0,0,0,0,0,0,0,0,0
2019,COL,NL,nunezdo01,16,10,16,14,0,14,0,0,0,0,0,0,0,0,0,2,0
2019,BOS,AL,nunezed02,60,38,60,43,1,0,0,31,8,6,0,0,0,0,12,13,5
2019,BAL,AL,nunezre01,151,138,151,33,0,0,24,0,9,0,1,0,0,1,110,13,0
2019,COL,NL,obergsc01,49,0,45,49,49,0,0,0,0,0,0,0,0,0,0,0,0
2019,MIA,NL,obriepe04,14,13,14,14,0,0,1,0,0,0,4,0,10,14,0,1,0
2019,ATL,NL,odayda01,8,0,6,8,8,0,0,0,0,0,0,0,0,0,0,0,0
2019,MIN,AL,odorija01,30,30,3,30,30,0,0,0,0,0,0,0,0,0,0,0,0
2019,TEX,AL,odorro01,145,137,145,137,0,0,0,137,0,0,0,0,0,0,3,7,0
2019,CIN,NL,ogradbr01,28,9,28,18,0,0,2,0,0,0,6,11,0,16,1,12,0
2019,KCA,AL,ohearry01,105,90,105,95,0,0,94,0,0,0,2,0,0,2,2,12,0
2019,COL,NL,ohse01,21,0,20,21,21,0,0,0,0,0,0,0,0,0,0,0,0
2019,LAA,AL,ohtansh01,106,91,106,0,0,0,0,0,0,0,0,0,0,0,92,15,0
2019,OAK,AL,olsonma02,127,125,127,127,0,0,127,0,0,0,0,0,0,0,0,0,0
2019,CLE,AL,olsonty01,39,0,1,39,39,0,0,0,0,0,0,0,0,0,0,0,0
2019,SLN,NL,oneilty01,60,30,60,43,0,0,0,0,0,0,33,3,8,43,0,17,3
2019,NYN,NL,orourry01,2,0,2,2,2,0,0,0,0,0,0,0,0,0,0,0,0
2019,ATL,NL,ortegra01,34,18,34,27,0,0,0,0,0,0,20,3,6,27,0,10,0
2019,BAL,AL,ortizlu02,1,1,0,1,1,0,0,0,0,0,0,0,0,0,0,0,0
2019,CHA,AL,osichjo01,57,0,5,57,57,0,0,0,0,0,0,0,0,0,0,0,0
2019,PIT,NL,osunajo01,95,58,95,71,2,0,31,0,19,0,2,0,23,25,0,30,0
2019,HOU,AL,osunaro01,66,0,4,66,66,0,0,0,0,0,0,0,0,0,0,0,0
2019,NYN,NL,oswalco01,2,0,2,2,2,0,0,0,0,0,0,0,0,0,0,0,0
2019,CLE,AL,oteroda01,25,0,3,25,25,0,0,0,0,0,0,0,0,0,0,0,0
2019,NYA,AL,ottavad01,73,0,5,73,73,0,0,0,0,0,0,0,0,0,0,0,0
2019,BOS,AL,owingch01,26,11,26,19,0,0,0,12,1,7,1,0,0,1,1,6,8
2019,KCA,AL,owingch01,41,36,40,41,1,0,0,13,12,3,1,7,6,14,0,0,1
2019,SLN,NL,ozunama01,130,129,130,129,0,0,0,0,0,0,129,0,0,129,0,1,0
2019,SDN,NL,paddach01,26,26,25,26,26,0,0,0,0,0,0,0,0,0,0,0,0
2019,TBA,AL,paganem01,66,0,5,66,66,0,0,0,0,0,0,0,0,0,0,0,0
2019,CHA,AL,palkada01,30,22,30,24,0,0,1,0,0,0,0,0,23,23,3,7,1
2019,TEX,AL,palumjo01,7,4,0,7,7,0,0,0,0,0,0,0,0,0,0,0,0
2019,NYN,NL,panikjo01,39,19,39,28,0,0,0,28,0,0,0,0,0,0,0,13,0
2019,SFN,NL,panikjo01,103,85,103,90,0,0,0,90,0,0,0,0,0,0,0,15,0
2019,TOR,AL,pannoth01,37,7,2,37,37,0,0,0,0,0,0,0,0,0,0,0,0
2019,MIN,AL,parkebl01,37,0,2,37,37,0,0,0,0,0,0,0,0,0,0,0,0
2019,PHI,NL,parkebl01,23,2,22,23,23,0,0,0,0,0,0,0,0,0,0,0,0
2019,LAA,AL,parkeja03,5,3,5,5,0,0,0,0,0,0,5,0,0,5,0,0,0
2019,SFN,NL,parrage01,30,23,30,29,0,0,0,0,0,0,20,0,11,29,0,4,0
2019,WAS,NL,parrage01,89,36,89,47,1,0,14,1,1,0,4,12,23,34,0,48,1
2019,ATL,NL,parsowe01,17,0,16,17,17,0,0,0,0,0,0,0,0,0,0,0,0
2019,COL,NL,parsowe01,15,0,15,15,15,0,0,0,0,0,0,0,0,0,0,0,0
2019,NYA,AL,paxtoja01,29,29,3,29,29,0,0,0,0,0,0,0,0,0,0,0,0
2019,ARI,NL,payamjo01,2,0,2,2,2,0,0,0,0,0,0,0,0,0,0,0,0
2019,TEX,AL,payanpe01,6,4,1,6,6,0,0,0,0,0,0,0,0,0,0,0,0
2019,COL,NL,pazosja01,12,0,12,12,12,0,0,0,0,0,0,0,0,0,0,0,0
2019,HOU,AL,peacobr01,23,15,0,23,23,0,0,0,0,0,0,0,0,0,0,0,0
2019,BOS,AL,pearcst01,29,23,29,23,0,0,19,0,0,0,4,0,0,4,5,4,0
2019,LAN,NL,pederjo01,149,109,149,136,0,0,20,0,0,0,84,2,39,122,2,32,1
2019,BOS,AL,pedrodu01,6,6,6,4,0,0,0,4,0,0,0,0,0,0,2,0,0
2019,LAA,AL,penafe01,23,7,3,22,22,0,0,0,0,0,0,0,0,0,0,0,1
2019,TEX,AL,pencehu01,83,69,83,23,0,0,0,0,0,0,16,0,8,23,46,14,0
2019,ARI,NL,peralda01,99,92,99,93,0,0,0,0,0,0,93,0,0,93,1,6,0
2019,MIL,NL,peralfr01,40,8,37,39,39,0,0,0,0,0,0,0,0,0,0,0,1
2019,CIN,NL,peralwa01,39,0,38,39,39,0,0,0,0,0,0,0,0,0,0,0,0
2019,SFN,NL,peralwa01,8,0,6,8,8,0,0,0,0,0,0,0,0,0,0,0,0
2019,KCA,AL,peralwi01,42,0,2,42,42,0,0,0,0,0,0,0,0,0,0,0,0
2019,CIN,NL,perazjo01,141,88,141,124,2,0,0,78,5,39,33,5,0,35,0,28,2
2019,SDN,NL,perdolu02,47,1,44,47,47,0,0,0,0,0,0,0,0,0,0,0,0
2019,HOU,AL,perezci01,5,0,1,5,5,0,0,0,0,0,0,0,0,0,0,0,0
2019,MIL,NL,perezhe01,91,49,91,86,3,0,5,45,14,21,3,0,7,10,0,19,2
2019,MIN,AL,perezma02,32,29,3,32,32,0,0,0,0,0,0,0,0,0,0,0,0
2019,TBA,AL,perezmi03,22,15,22,21,0,20,2,0,0,0,0,0,0,0,0,2,0
2019,CLE,AL,perezol01,67,0,1,67,67,0,0,0,0,0,0,0,0,0,0,0,0
2019,CLE,AL,perezro02,119,115,119,118,0,118,0,0,0,0,0,0,0,0,1,0,0
2019,LAA,AL,peterdi01,17,12,0,17,17,0,0,0,0,0,0,0,0,0,0,0,0
2019,DET,AL,peterdu01,17,11,17,14,0,0,1,0,0,0,9,2,2,13,2,1,3
2019,BAL,AL,peterja01,29,23,29,28,0,0,0,5,9,0,18,0,1,19,0,5,0
2019,NYN,NL,peterti01,6,0,5,6,6,0,0,0,0,0,0,0,0,0,0,0,0
2019,OAK,AL,petityu01,80,0,6,80,80,0,0,0,0,0,0,0,0,0,0,0,0
2019,MIL,NL,petrija01,6,0,5,6,6,0,0,0,0,0,0,0,0,0,0,0,0
2019,TBA,AL,phamth01,145,144,145,123,0,0,0,0,0,0,123,0,0,123,22,1,0
2019,OAK,AL,phegljo01,106,90,106,106,0,106,0,0,0,0,0,0,0,0,0,8,1
2019,CHN,NL,phelpda01,24,0,24,24,24,0,0,0,0,0,0,0,0,0,0,0,0
2019,TOR,AL,phelpda01,17,1,0,17,17,0,0,0,0,0,0,0,0,0,0,0,0
2019,KCA,AL,phillbr02,30,19,30,28,0,0,0,0,0,0,3,23,3,28,1,2,4
2019,BAL,AL,phillev01,25,0,1,25,25,0,0,0,0,0,0,0,0,0,0,0,0
2019,SFN,NL,pillake01,156,150,156,152,0,0,0,0,0,0,0,129,27,152,0,3,2
2019,TOR,AL,pillake01,5,4,5,4,0,0,0,0,0,0,0,4,0,4,1,1,0
2019,MIL,NL,pinama01,76,38,76,54,0,53,0,0,1,0,0,0,0,0,0,24,0
2019,OAK,AL,pindech01,124,83,124,110,0,0,2,21,17,3,46,5,34,77,3,26,2
2019,MIN,AL,pinedmi01,26,26,2,26,26,0,0,0,0,0,0,0,0,0,0,0,0
2019,TBA,AL,pintori01,2,0,0,2,2,0,0,0,0,0,0,0,0,0,0,0,0
2019,PHI,NL,pireljo01,12,3,12,5,0,0,0,0,0,0,3,0,3,5,0,8,0
2019,SDN,NL,pireljo01,2,1,2,1,0,0,0,0,0,0,1,0,0,1,0,1,0
2019,OAK,AL,piscost01,93,92,93,90,0,0,0,0,0,0,0,0,90,90,2,1,0
2019,PHI,NL,pivetni01,30,13,29,30,30,0,0,0,0,0,0,0,0,0,0,0,0
2019,CLE,AL,plaweke01,60,46,59,59,2,57,1,0,0,0,0,0,0,0,1,4,1
2019,CLE,AL,plesaza01,21,21,1,21,21,0,0,0,0,0,0,0,0,0,0,0,0
2019,CLE,AL,plutkad01,21,20,2,21,21,0,0,0,0,0,0,0,0,0,0,0,0
2019,TBA,AL,pocheco01,51,0,4,51,51,0,0,0,0,0,0,0,0,0,0,0,0
2019,PIT,NL,polangr01,42,36,42,36,0,0,0,0,0,0,0,0,36,36,1,6,0
2019,MIN,AL,polanjo01,153,150,153,142,0,0,0,0,0,142,0,0,0,0,11,3,0
2019,LAN,NL,polloaj01,86,77,86,80,0,0,0,0,0,0,18,62,0,80,1,8,0
2019,MIL,NL,pomerdr01,25,1,25,25,25,0,0,0,0,0,0,0,0,0,0,0,0
2019,SFN,NL,pomerdr01,21,17,19,21,21,0,0,0,0,0,0,0,0,0,0,0,0
2019,SLN,NL,ponceda01,13,8,12,13,13,0,0,0,0,0,0,0,0,0,0,0,0
2019,MIN,AL,poppese01,4,0,1,4,4,0,0,0,0,0,0,0,0,0,0,0,0
2019,BOS,AL,porceri01,32,32,3,32,32,0,0,0,0,0,0,0,0,0,0,0,0
2019,SFN,NL,poseybu01,114,101,114,104,0,101,4,0,0,0,0,0,0,0,2,11,0
2019,NYN,NL,poundbr01,7,0,7,7,7,0,0,0,0,0,0,0,0,0,0,0,0
2019,BOS,AL,poynebo01,13,1,1,13,13,0,0,0,0,0,0,0,0,0,0,0,0
2019,MIA,NL,pradoma01,104,48,104,59,0,0,40,0,22,0,0,0,0,0,2,49,0
2019,HOU,AL,pressry01,55,0,4,55,55,0,0,0,0,0,0,0,0,0,0,0,0
2019,BOS,AL,priceda01,22,22,1,22,22,0,0,0,0,0,0,0,0,0,0,0,0
2019,OAK,AL,profaju01,139,126,139,130,0,0,1,124,0,0,7,0,0,7,8,8,3
2019,TBA,AL,pruitau01,14,2,1,14,14,0,0,0,0,0,0,0,0,0,0,0,0
2019,LAA,AL,puellce01,12,12,12,12,0,0,0,0,0,0,12,0,0,12,0,0,0
2019,MIA,NL,puellce01,32,26,32,28,0,0,0,0,0,0,0,20,10,28,0,4,1
2019,CIN,NL,puigya01,100,95,100,98,0,0,0,0,0,0,0,0,98,98,0,4,0
2019,CLE,AL,puigya01,49,49,49,48,0,0,0,0,0,0,0,0,48,48,1,0,0
2019,LAA,AL,pujolal01,131,127,131,98,0,0,98,0,1,0,0,0,0,0,29,4,0
2019,OAK,AL,pukaj01,10,0,0,10,10,0,0,0,0,0,0,0,0,0,0,0,0
2019,SDN,NL,quantca01,23,18,21,23,23,0,0,0,0,0,0,0,0,0,0,0,0
2019,MIA,NL,quijajo01,34,0,31,34,34,0,0,0,0,0,0,0,0,0,0,0,0
2019,PHI,NL,quinnro01,44,23,44,35,2,0,0,0,0,0,0,34,0,34,0,11,2
2019,CHN,NL,quintjo01,32,31,31,32,32,0,0,0,0,0,0,0,0,0,0,0,0
2019,WAS,NL,raineta01,52,0,47,52,52,0,0,0,0,0,0,0,0,0,0,0,0
2019,BOS,AL,ramirer02,1,0,0,1,1,0,0,0,0,0,0,0,0,0,0,0,0
2019,CLE,AL,ramirha01,16,14,16,0,0,0,0,0,0,0,0,0,0,0,15,2,0
2019,MIA,NL,ramirha02,119,100,119,110,0,0,0,0,0,0,61,27,55,110,0,14,0
2019,LAA,AL,ramirjc01,5,0,0,5,5,0,0,0,0,0,0,0,0,0,0,0,0
2019,CLE,AL,ramirjo01,129,128,129,126,0,0,0,0,126,0,0,0,0,0,3,1,0
2019,CLE,AL,ramirne01,16,0,1,16,16,0,0,0,0,0,0,0,0,0,0,0,0
2019,TOR,AL,ramirne01,6,1,1,6,6,0,0,0,0,0,0,0,0,0,0,0,0
2019,DET,AL,ramirni01,46,0,3,46,46,0,0,0,0,0,0,0,0,0,0,0,0
2019,LAA,AL,ramirno01,51,7,3,51,51,0,0,0,0,0,0,0,0,0,0,0,0
2019,BAL,AL,ramirye01,4,1,0,4,4,0,0,0,0,0,0,0,0,0,0,0,0
2019,PIT,NL,ramirye01,9,0,9,9,9,0,0,0,0,0,0,0,0,0,0,0,0
2019,PHI,NL,ramosed02,20,0,18,20,20,0,0,0,0,0,0,0,0,0,0,0,0
2019,NYN,NL,ramoswi01,141,115,141,124,0,124,0,0,0,0,0,0,0,0,2,24,0
2019,LAA,AL,ramsema01,1,0,0,1,1,0,0,0,0,0,0,0,0,0,0,0,0
2019,SLN,NL,ravelra01,29,5,29,9,0,0,9,0,0,0,0,0,0,0,0,22,0
2019,ARI,NL,rayro02,34,33,31,33,33,0,0,0,0,0,0,0,0,0,0,1,0
2019,WAS,NL,readra01,6,2,6,4,0,4,0,0,0,0,0,0,0,0,0,2,0
2019,PHI,NL,realmjt01,145,133,145,135,0,133,4,0,0,0,0,0,0,0,1,12,0
2019,HOU,AL,reddijo01,141,130,141,133,0,0,4,0,0,0,29,9,119,133,4,9,1
2019,CHA,AL,reedaj01,14,13,14,4,1,0,4,0,0,0,0,0,0,0,9,1,0
2019,CIN,NL,reedco01,3,0,3,3,3,0,0,0,0,0,0,0,0,0,0,0,0
2019,SFN,NL,reedmi02,4,2,4,4,0,0,0,0,0,0,2,0,2,4,0,0,0
2019,TOR,AL,reidfse01,9,6,1,9,9,0,0,0,0,0,0,0,0,0,0,0,0
2019,DET,AL,reiniza01,25,1,5,25,25,0,0,0,0,0,0,0,0,0,0,0,0
2019,WAS,NL,rendoan01,146,146,146,146,0,0,0,1,146,0,0,0,0,0,0,0,0
2019,SDN,NL,renfrhu01,140,111,140,127,0,0,0,0,0,0,67,4,86,127,0,21,0
2019,LAA,AL,rengilu01,108,101,108,107,0,0,0,104,0,12,0,0,0,0,0,1,3
2019,SLN,NL,reyesal02,4,0,4,4,4,0,0,0,0,0,0,0,0,0,0,0,0
2019,CLE,AL,reyesfr01,51,48,51,3,0,0,0,0,0,0,0,0,3,3,46,3,0
2019,SDN,NL,reyesfr01,99,85,99,83,0,0,0,0,0,0,0,0,83,83,2,14,0
2019,SDN,NL,reyesge01,27,0,27,27,27,0,0,0,0,0,0,0,0,0,0,0,0
2019,PIT,NL,reyespa01,71,28,71,53,0,0,0,7,2,2,19,11,19,45,0,25,1
2019,DET,AL,reyesvi01,69,63,69,67,0,0,0,0,0,0,21,37,9,67,0,2,1
2019,PIT,NL,reynobr01,134,122,134,129,0,0,0,0,0,0,79,25,31,129,0,8,1
2019,COL,NL,reynoma01,78,30,78,32,1,0,32,0,0,0,0,0,0,0,1,46,0
2019,NYN,NL,rhameja01,5,0,5,5,5,0,0,0,0,0,0,0,0,0,0,0,0
2019,TOR,AL,richacl01,10,10,0,10,10,0,0,0,0,0,0,0,0,0,0,0,0
2019,SDN,NL,richaga01,3,3,3,3,3,0,0,0,0,0,0,0,0,0,0,0,0
2019,MIA,NL,richatr01,24,20,22,23,23,0,0,0,0,0,0,0,0,0,0,1,0
2019,TBA,AL,richatr01,7,3,0,7,7,0,0,0,0,0,0,0,0,0,0,0,0
2019,BAL,AL,rickajo01,42,33,42,40,0,0,0,0,0,0,6,16,23,40,1,3,1
2019,SFN,NL,rickajo01,26,12,26,21,0,0,0,0,0,0,20,0,2,21,0,8,2
2019,MIA,NL,riddljt01,51,33,51,42,0,0,0,0,0,12,0,31,0,31,0,13,2
2019,ATL,NL,rileyau01,80,68,80,71,0,0,6,0,5,0,58,0,2,60,1,10,1
2019,LAN,NL,riosed01,28,7,28,16,0,0,12,0,5,0,1,0,0,1,1,18,0
2019,PHI,NL,riosya01,4,0,4,4,4,0,0,0,0,0,0,0,0,0,0,0,0
2019,PIT,NL,riosya01,10,0,10,10,10,0,0,0,0,0,0,0,0,0,0,0,0
2019,PIT,NL,riverfe01,56,0,51,56,56,0,0,0,0,0,0,0,0,0,0,0,0
2019,NYN,NL,riverre01,9,6,9,8,0,8,0,0,0,0,0,0,0,0,0,1,0
2019,MIA,NL,riverya01,34,12,34,22,0,0,4,2,8,8,0,1,3,4,0,12,3
2019,CHN,NL,rizzoan01,146,144,146,146,0,0,146,0,0,0,0,0,0,0,0,2,0
2019,CIN,NL,roarkta01,21,21,19,21,21,0,0,0,0,0,0,0,0,0,0,0,0
2019,OAK,AL,roarkta01,10,10,0,10,10,0,0,0,0,0,0,0,0,0,0,0,0
2019,PHI,NL,roberda08,7,0,7,7,7,0,0,0,0,0,0,0,0,0,0,0,0
2019,TBA,AL,roberda10,74,58,74,74,1,0,0,26,43,16,0,0,0,0,0,5,2
2019,SLN,NL,robindr01,5,0,5,2,0,0,0,0,0,0,0,1,1,2,0,5,0
2019,LAA,AL,robleha01,71,1,5,71,71,0,0,0,0,0,0,0,0,0,0,0,0
2019,WAS,NL,roblevi01,155,147,155,152,0,0,0,0,0,0,0,141,15,152,0,5,0
2019,HOU,AL,rodgebr01,3,0,0,3,3,0,0,0,0,0,0,0,0,0,0,0,0
2019,COL,NL,rodgebr02,25,18,25,22,0,0,0,16,0,9,0,0,0,0,0,3,0
2019,OAK,AL,rodnefe01,17,0,2,17,17,0,0,0,0,0,0,0,0,0,0,0,0
2019,WAS,NL,rodnefe01,38,0,35,38,38,0,0,0,0,0,0,0,0,0,0,0,0
2019,CHA,AL,rodonca01,7,7,0,7,7,0,0,0,0,0,0,0,0,0,0,0,0
2019,SFN,NL,rodride01,29,16,27,28,28,0,0,0,0,0,0,0,0,0,0,1,0
2019,BOS,AL,rodried05,34,34,3,34,34,0,0,0,0,0,0,0,0,0,0,0,0
2019,CLE,AL,rodrije01,10,8,1,10,10,0,0,0,0,0,0,0,0,0,0,0,0
2019,LAA,AL,rodrijo06,9,1,0,9,9,0,0,0,0,0,0,0,0,0,0,0,0
2019,PIT,NL,rodriri05,72,0,68,72,72,0,0,0,0,0,0,0,0,0,0,0,0
2019,DET,AL,rodriro03,84,69,84,68,0,0,13,31,6,20,1,0,0,1,7,12,2
2019,PHI,NL,rodrise01,76,24,76,54,2,0,1,3,24,11,8,2,4,14,1,32,1
2019,TBA,AL,roech01,71,0,9,71,71,0,0,0,0,0,0,0,0,0,0,0,0
2019,DET,AL,rogerja03,35,35,35,34,0,34,0,0,0,0,0,0,0,0,1,0,0
2019,BAL,AL,rogerjo01,5,0,0,5,5,0,0,0,0,0,0,0,0,0,0,0,0
2019,MIN,AL,rogerta01,60,0,5,60,60,0,0,0,0,0,0,0,0,0,0,0,0
2019,SFN,NL,rogerty01,17,0,15,17,17,0,0,0,0,0,0,0,0,0,0,0,0
2019,ARI,NL,rojasjo01,41,35,41,38,0,0,0,1,0,0,33,0,6,38,0,3,0
2019,MIA,NL,rojasmi02,132,123,132,128,0,0,6,3,0,125,0,0,0,0,0,4,0
2019,TOR,AL,romanjo03,17,0,1,17,17,0,0,0,0,0,0,0,0,0,0,0,0
2019,CIN,NL,romansa01,12,0,11,12,12,0,0,0,0,0,0,0,0,0,0,1,0
2019,MIN,AL,romerfe01,15,0,0,15,15,0,0,0,0,0,0,0,0,0,0,0,0
2019,NYA,AL,rominau01,73,62,72,71,1,70,0,0,0,0,0,0,0,0,0,2,0
2019,MIA,NL,romose01,38,0,32,38,38,0,0,0,0,0,0,0,0,0,0,0,0
2019,MIN,AL,romose01,27,0,4,27,27,0,0,0,0,0,0,0,0,0,0,0,0
2019,HOU,AL,rondohe01,62,1,6,62,62,0,0,0,0,0,0,0,0,0,0,0,0
2019,BAL,AL,rondojo02,1,0,1,1,0,0,0,0,1,0,0,0,0,0,0,1,0
2019,CHA,AL,rondojo02,55,39,55,45,1,0,1,18,12,15,2,0,0,2,6,8,3
2019,NYA,AL,rosaad01,1,0,0,1,1,0,0,0,0,0,0,0,0,0,0,0,0
2019,NYN,NL,rosaram01,157,152,157,152,0,0,0,0,0,152,1,0,0,1,1,4,0
2019,MIN,AL,rosared01,137,132,137,132,0,0,0,0,0,0,124,3,11,132,4,3,0
2019,CHN,NL,rosarra01,13,0,11,13,13,0,0,0,0,0,0,0,0,0,0,0,0
2019,KCA,AL,rosarra01,6,0,0,6,6,0,0,0,0,0,0,0,0,0,0,0,0
2019,DET,AL,rosentr01,10,0,0,10,10,0,0,0,0,0,0,0,0,0,0,0,0
2019,WAS,NL,rosentr01,12,0,11,12,12,0,0,0,0,0,0,0,0,0,0,0,0
2019,LAN,NL,rosscza01,7,0,5,7,7,0,0,0,0,0,0,0,0,0,0,0,0
2019,SEA,AL,rosscza01,19,0,0,19,19,0,0,0,0,0,0,0,0,0,0,0,0
2019,TOR,AL,rosscza01,2,0,0,2,2,0,0,0,0,0,0,0,0,0,0,0,0
2019,WAS,NL,rossjo01,28,9,28,27,27,0,0,0,0,0,0,0,0,0,0,1,0
2019,DET,AL,rossty01,7,7,0,7,7,0,0,0,0,0,0,0,0,0,0,0,0
2019,CHA,AL,ruizjo01,40,1,3,40,40,0,0,0,0,0,0,0,0,0,0,0,0
2019,BAL,AL,ruizri01,127,93,127,121,0,0,12,1,114,0,0,0,0,0,2,24,1
2019,SEA,AL,rumbeni01,3,0,0,3,3,0,0,0,0,0,0,0,0,0,0,0,0
2019,COL,NL,rusinch01,2,0,2,2,2,0,0,0,0,0,0,0,0,0,0,0,0
2019,CHN,NL,russead02,82,55,82,80,0,0,0,63,0,21,0,0,0,0,0,8,1
2019,CHN,NL,ryanky01,73,0,71,73,73,0,0,0,0,0,0,0,0,0,0,0,0
2019,LAN,NL,ryuhy01,30,29,28,29,29,0,0,0,0,0,0,0,0,0,0,1,0
2019,NYA,AL,sabatcc01,23,22,2,23,23,0,0,0,0,0,0,0,0,0,0,0,0
2019,LAN,NL,sadleca02,24,1,23,24,24,0,0,0,0,0,0,0,0,0,0,0,0
2019,TBA,AL,sadleca02,9,0,0,9,9,0,0,0,0,0,0,0,0,0,0,0,0
2019,SEA,AL,sadzeco01,20,0,0,20,20,0,0,0,0,0,0,0,0,0,0,0,0
2019,MIL,NL,saladty01,28,16,28,23,0,0,0,3,6,13,7,0,0,7,0,6,0
2019,PHI,NL,salasfe01,3,0,3,3,3,0,0,0,0,0,0,0,0,0,0,0,0
2019,CLE,AL,salazda01,1,1,0,1,1,0,0,0,0,0,0,0,0,0,0,0,0
2019,BOS,AL,salech01,25,25,0,25,25,0,0,0,0,0,0,0,0,0,0,0,0
2019,SFN,NL,samarje01,32,32,29,32,32,0,0,0,0,0,0,0,0,0,0,0,0
2019,TEX,AL,sampsad01,35,15,3,35,35,0,0,0,0,0,0,0,0,0,0,0,0
2019,HOU,AL,sanchaa01,4,4,0,4,4,0,0,0,0,0,0,0,0,0,0,0,0
2019,TOR,AL,sanchaa01,23,23,1,23,23,0,0,0,0,0,0,0,0,0,0,0,0
2019,WAS,NL,sanchad01,28,1,28,14,0,0,1,4,6,2,1,0,0,1,0,18,3
2019,WAS,NL,sanchan01,30,30,27,30,30,0,0,0,0,0,0,0,0,0,0,0,0
2019,CHA,AL,sanchca01,149,141,149,149,0,0,0,149,0,0,0,0,0,0,0,4,2
2019,NYA,AL,sanchga02,106,101,106,90,0,90,0,0,0,0,0,0,0,0,15,5,0
2019,SFN,NL,sandopa01,108,55,108,64,1,0,23,0,45,0,0,0,0,0,4,50,0
2019,LAA,AL,sandopa02,10,9,1,10,10,0,0,0,0,0,0,0,0,0,0,0,0
2019,MIN,AL,sanomi01,105,99,105,98,0,0,9,0,91,0,0,0,0,0,6,3,0
2019,BAL,AL,santaan02,93,92,93,90,0,0,0,0,0,0,40,24,50,90,3,1,0
2019,CLE,AL,santaca01,158,158,158,135,0,0,135,0,0,0,0,0,0,0,23,0,0
2019,TEX,AL,santada01,130,112,130,120,0,0,44,17,8,9,16,27,15,51,1,12,2
2019,LAN,NL,santade01,3,0,3,3,3,0,0,0,0,0,0,0,0,0,0,0,0
2019,SEA,AL,santado01,121,115,121,100,0,0,0,0,0,0,59,0,42,100,17,6,0
2019,CHA,AL,santaer01,3,3,0,3,3,0,0,0,0,0,0,0,0,0,0,0,0
2019,CHA,AL,santihe01,11,2,1,11,11,0,0,0,0,0,0,0,0,0,0,0,0
2019,NYN,NL,santihe01,8,0,8,8,8,0,0,0,0,0,0,0,0,0,0,0,0
2019,LAN,NL,sborzjo01,7,0,7,7,7,0,0,0,0,0,0,0,0,0,0,0,0
2019,CIN,NL,schebsc01,30,22,30,25,0,0,0,0,0,0,3,24,1,25,0,5,0
2019,WAS,NL,scherma01,29,27,28,27,27,0,0,0,0,0,0,0,0,0,0,1,1
2019,OAK,AL,schlibr01,6,0,0,6,6,0,0,0,0,0,0,0,0,0,0,0,0
2019,MIN,AL,schoojo01,121,113,121,113,0,0,0,113,0,0,0,0,0,0,4,6,2
2019,DET,AL,schrejo01,13,0,0,13,13,0,0,0,0,0,0,0,0,0,0,0,0
2019,LAN,NL,schulja02,4,0,4,4,4,0,0,0,0,0,0,0,0,0,0,0,0
2019,CHN,NL,schwaky01,155,139,155,141,0,1,0,0,0,0,140,0,0,140,2,14,0
2019,KCA,AL,schwifr01,6,4,6,5,0,0,5,0,0,0,0,0,0,0,0,2,0
2019,ARI,NL,scottro02,11,0,11,11,11,0,0,0,0,0,0,0,0,0,0,0,0
2019,BAL,AL,scottta01,28,0,1,28,28,0,0,0,0,0,0,0,0,0,0,0,0
2019,BAL,AL,scottta02,8,0,1,8,8,0,0,0,0,0,0,0,0,0,0,0,0
2019,SEA,AL,scottta02,5,2,0,5,5,0,0,0,0,0,0,0,0,0,0,0,0
2019,LAN,NL,seageco01,134,125,134,132,0,0,0,0,0,132,0,0,0,0,0,7,0
2019,SEA,AL,seageky01,106,104,106,104,0,0,0,0,104,0,0,0,0,0,1,2,0
2019,PHI,NL,segurje01,144,141,144,142,0,0,0,0,0,142,0,0,0,0,0,3,0
2019,SFN,NL,selmasa01,10,0,9,10,10,0,0,0,0,0,0,0,0,0,0,0,0
2019,OAK,AL,semiema01,162,162,162,161,0,0,0,0,0,161,0,0,0,0,0,0,0
2019,COL,NL,senzaan01,25,25,24,25,25,0,0,0,0,0,0,0,0,0,0,0,0
2019,CIN,NL,senzeni01,104,93,104,96,0,0,0,1,0,0,0,96,0,96,0,7,3
2019,NYA,AL,severlu01,3,3,0,3,3,0,0,0,0,0,0,0,0,0,0,0,0
2019,BAL,AL,severpe01,96,83,96,89,0,89,0,0,0,0,0,0,0,0,3,6,0
2019,NYN,NL,sewalpa01,17,0,17,17,17,0,0,0,0,0,0,0,0,0,0,0,0
2019,TOR,AL,shafeju01,34,0,2,34,34,0,0,0,0,0,0,0,0,0,0,0,0
2019,BOS,AL,shawami01,14,0,0,14,14,0,0,0,0,0,0,0,0,0,0,0,0
2019,COL,NL,shawbr01,70,0,64,70,70,0,0,0,0,0,0,0,0,0,0,0,0
2019,SFN,NL,shawch01,16,2,16,4,0,0,4,0,0,0,0,0,0,0,1,14,0
2019,MIL,NL,shawtr01,86,58,86,75,0,0,6,2,71,0,0,0,0,0,0,18,0
2019,SEA,AL,sheffju01,8,7,1,8,8,0,0,0,0,0,0,0,0,0,0,0,0
2019,BAL,AL,shephch01,5,3,0,5,5,0,0,0,0,0,0,0,0,0,0,0,0
2019,ARI,NL,sherfji01,17,0,17,17,17,0,0,0,0,0,0,0,0,0,0,0,0
2019,TOR,AL,shoemma01,5,5,0,5,5,0,0,0,0,0,0,0,0,0,0,0,0
2019,SLN,NL,shrevch01,3,0,3,3,3,0,0,0,0,0,0,0,0,0,0,0,0
2019,PIT,NL,shuckja01,27,10,27,18,1,0,0,0,0,0,7,3,10,18,1,9,2
2019,MIA,NL,sierrma01,15,10,15,14,0,0,0,0,0,0,0,9,5,14,0,2,2
2019,LAA,AL,simmoan01,103,99,103,102,0,0,0,0,0,102,0,0,0,0,1,0,1
2019,CIN,NL,simslu01,24,4,23,24,24,0,0,0,0,0,0,0,0,0,0,0,0
2019,WAS,NL,sippto01,36,0,33,36,36,0,0,0,0,0,0,0,0,0,0,0,0
2019,BAL,AL,siscoch01,59,48,59,53,0,52,1,0,0,0,0,0,0,0,3,5,0
2019,LAA,AL,skaggty01,15,15,2,15,15,0,0,0,0,0,0,0,0,0,0,0,0
2019,KCA,AL,skogler01,6,4,1,6,6,0,0,0,0,0,0,0,0,0,0,0,0
2019,CHA,AL,skolema01,27,20,27,9,0,0,9,0,0,0,0,0,0,0,11,7,0
2019,SFN,NL,slateau01,68,41,68,56,0,0,8,1,0,0,2,0,46,48,0,23,0
2019,TBA,AL,slegeaa01,1,0,0,1,1,0,0,0,0,0,0,0,0,0,0,0,0
2019,MIN,AL,smeltde01,11,6,0,11,11,0,0,0,0,0,0,0,0,0,0,0,0
2019,MIL,NL,smithbu03,7,0,7,7,7,0,0,0,0,0,0,0,0,0,0,0,0
2019,SFN,NL,smithbu03,10,0,9,10,10,0,0,0,0,0,0,0,0,0,0,0,0
2019,MIA,NL,smithca03,30,28,27,28,28,0,0,0,0,0,0,0,0,0,0,1,1
2019,NYN,NL,smithdo02,89,35,89,62,0,0,36,0,0,0,32,0,1,33,0,39,0
2019,BAL,AL,smithdw02,101,89,101,86,0,0,0,0,0,0,86,0,0,86,7,11,1
2019,HOU,AL,smithjo05,28,0,1,28,28,0,0,0,0,0,0,0,0,0,0,0,0
2019,BOS,AL,smithjo07,18,2,2,18,18,0,0,0,0,0,0,0,0,0,0,0,0
2019,CLE,AL,smithjo08,8,0,0,8,8,0,0,0,0,0,0,0,0,0,0,0,0
2019,MIA,NL,smithjo08,6,0,6,6,6,0,0,0,0,0,0,0,0,0,0,0,0
2019,LAA,AL,smithke04,67,51,67,59,0,59,0,0,0,0,0,0,0,0,6,4,2
2019,SEA,AL,smithma05,134,124,134,132,0,0,0,0,0,0,5,106,28,132,1,2,1
2019,SFN,NL,smithwi04,63,0,58,63,63,0,0,0,0,0,0,0,0,0,0,0,0
2019,LAN,NL,smithwi05,54,46,54,46,0,46,0,0,0,0,0,0,0,0,1,7,0
2019,TOR,AL,smoakju01,121,118,121,89,0,0,89,0,0,0,0,0,0,0,30,3,0
2019,PHI,NL,smylydr01,12,12,10,12,12,0,0,0,0,0,0,0,0,0,0,0,0
2019,TEX,AL,smylydr01,13,9,1,13,13,0,0,0,0,0,0,0,0,0,0,0,0
2019,HOU,AL,sneedcy01,8,0,0,8,8,0,0,0,0,0,0,0,0,0,0,0,0
2019,TBA,AL,snellbl01,23,23,1,23,23,0,0,0,0,0,0,0,0,0,0,0,0
2019,ATL,NL,sobotch01,32,0,30,32,32,0,0,0,0,0,0,0,0,0,0,0,0
2019,TBA,AL,sogarer01,37,23,37,31,0,0,0,31,0,0,0,0,0,0,1,11,0
2019,TOR,AL,sogarer01,73,68,73,55,0,0,0,43,6,4,1,0,6,7,15,2,1
2019,TEX,AL,solakni01,33,32,33,16,0,0,0,5,11,0,0,0,0,0,17,1,0
2019,SFN,NL,solando01,81,42,81,55,0,0,0,36,2,19,0,0,0,0,1,33,0
2019,SFN,NL,solarya01,28,16,28,22,0,0,0,10,2,4,9,0,0,9,0,9,0
2019,KCA,AL,solerjo01,162,161,162,56,0,0,0,0,0,0,0,0,56,56,107,1,0
2019,OAK,AL,soriajo01,71,1,5,71,71,0,0,0,0,0,0,0,0,0,0,0,0
2019,ATL,NL,sorokmi01,29,29,27,29,29,0,0,0,0,0,0,0,0,0,0,0,0
2019,SLN,NL,sosaed01,8,1,8,4,0,0,0,4,0,0,0,0,0,0,0,6,1
2019,DET,AL,sotogr01,33,7,1,33,33,0,0,0,0,0,0,0,0,0,0,0,0
2019,WAS,NL,sotoju01,150,150,150,150,0,0,0,0,0,0,150,0,0,150,0,0,0
2019,MIL,NL,spangco01,32,24,32,32,0,0,0,22,6,4,3,0,0,3,0,2,1
2019,KCA,AL,sparkgl01,31,23,3,31,31,0,0,0,0,0,0,0,0,0,0,0,0
2019,KCA,AL,speiega01,9,0,1,9,9,0,0,0,0,0,0,0,0,0,0,0,0
2019,HOU,AL,springe01,122,119,122,109,0,0,0,0,0,0,0,75,59,109,13,3,0
2019,TEX,AL,sprinje01,25,0,2,25,25,0,0,0,0,0,0,0,0,0,0,0,0
2019,PIT,NL,stallja01,71,53,71,62,1,61,0,0,0,0,0,0,0,0,0,10,1
2019,CLE,AL,stameer01,15,14,15,15,0,0,0,0,0,15,0,0,0,0,0,0,0
2019,SDN,NL,stammcr01,76,0,72,76,76,0,0,0,0,0,0,0,0,0,0,0,0
2019,MIA,NL,stanery01,22,0,22,22,22,0,0,0,0,0,0,0,0,0,0,0,0
2019,TBA,AL,stanery01,41,27,2,41,41,0,0,0,0,0,0,0,0,0,0,0,0
2019,NYA,AL,stantmi03,18,18,18,13,0,0,0,0,0,0,10,0,3,13,5,0,0
2019,KCA,AL,starlbu01,56,49,56,55,0,0,0,0,0,0,6,36,23,55,0,2,0
2019,MIN,AL,stashco01,18,1,1,18,18,0,0,0,0,0,0,0,0,0,0,0,0
2019,HOU,AL,stassma01,31,26,31,30,1,26,3,0,0,0,0,0,0,0,1,1,0
2019,LAA,AL,stassma01,20,18,20,20,0,20,0,0,0,0,0,0,0,0,0,0,0
2019,KCA,AL,staumjo01,16,0,0,16,16,0,0,0,0,0,0,0,0,0,0,0,0
2019,MIA,NL,steckdr01,15,0,14,15,15,0,0,0,0,0,0,0,0,0,0,0,0
2019,CIN,NL,stephro01,57,0,54,57,57,0,0,0,0,0,0,0,0,0,0,0,0
2019,WAS,NL,stevean01,30,3,30,5,0,0,0,0,0,0,5,0,0,5,0,25,0
2019,LAN,NL,stewabr01,3,0,3,3,3,0,0,0,0,0,0,0,0,0,0,0,0
2019,TOR,AL,stewabr01,10,0,0,10,10,0,0,0,0,0,0,0,0,0,0,0,0
2019,DET,AL,stewach02,104,99,104,89,0,0,0,0,0,0,89,0,0,89,13,4,1
2019,BAL,AL,stewadj01,44,34,44,35,0,0,0,0,0,0,11,0,26,35,3,6,3
2019,MIN,AL,stewako01,9,2,0,9,9,0,0,0,0,0,0,0,0,0,0,0,0
2019,TEX,AL,stjohlo01,7,0,0,7,7,0,0,0,0,0,0,0,0,0,0,0,0
2019,SDN,NL,stockro01,10,0,10,10,10,0,0,0,0,0,0,0,0,0,0,0,0
2019,COL,NL,storytr01,145,144,145,144,0,0,0,0,0,144,0,0,0,0,0,1,0
2019,SDN,NL,strahma01,47,16,45,46,46,0,0,0,0,0,0,0,0,0,0,1,0
2019,BAL,AL,straida01,14,8,0,14,14,0,0,0,0,0,0,0,0,0,0,0,0
2019,WAS,NL,strasst01,34,33,33,33,33,0,0,0,0,0,0,0,0,0,0,1,0
2019,LAA,AL,stratch01,7,5,1,7,7,0,0,0,0,0,0,0,0,0,0,0,0
2019,PIT,NL,stratch01,28,0,26,28,28,0,0,0,0,0,0,0,0,0,0,0,0
2019,HOU,AL,strawmy01,56,27,56,46,0,0,0,4,0,26,8,11,2,18,3,6,14
2019,SEA,AL,strichu01,4,0,0,4,4,0,0,0,0,0,0,0,0,0,0,0,0
2019,WAS,NL,strichu01,24,0,23,24,24,0,0,0,0,0,0,0,0,0,0,0,0
2019,LAN,NL,stripro01,32,15,27,32,32,0,0,0,0,0,0,0,0,0,0,0,0
2019,NYN,NL,stromma01,11,11,11,11,11,0,0,0,0,0,0,0,0,0,0,0,0
2019,TOR,AL,stromma01,21,21,1,21,21,0,0,0,0,0,0,0,0,0,0,0,0
2019,CHN,NL,stroppe01,50,0,47,50,50,0,0,0,0,0,0,0,0,0,0,0,0
2019,HOU,AL,stubbga01,19,6,19,17,0,11,0,0,0,0,7,0,1,7,0,3,4
2019,DET,AL,stumpda01,48,0,5,48,48,0,0,0,0,0,0,0,0,0,0,0,0
2019,SFN,NL,suarean01,21,2,19,21,21,0,0,0,0,0,0,0,0,0,0,0,0
2019,CIN,NL,suareeu01,159,152,159,158,0,0,0,0,158,0,0,0,0,0,1,5,1
2019,LAA,AL,suarejo01,19,15,1,19,19,0,0,0,0,0,0,0,0,0,0,0,0
2019,PHI,NL,suarera01,37,0,34,37,37,0,0,0,0,0,0,0,0,0,0,0,0
2019,BAL,AL,sucreje01,21,17,20,19,1,18,1,0,0,0,0,0,0,0,1,2,0
2019,WAS,NL,suerowa01,78,0,75,78,78,0,0,0,0,0,0,0,0,0,0,0,0
2019,TBA,AL,sulseco01,7,0,1,7,7,0,0,0,0,0,0,0,0,0,0,0,0
2019,MIL,NL,suterbr01,9,0,9,9,9,0,0,0,0,0,0,0,0,0,0,0,0
2019,SEA,AL,suzukic01,2,2,2,2,0,0,0,0,0,0,0,0,2,2,0,0,0
2019,WAS,NL,suzukku01,85,70,85,75,0,75,0,0,0,0,0,0,0,0,0,13,0
2019,ATL,NL,swansda01,127,123,127,126,0,0,0,0,0,126,0,0,0,0,0,1,0
2019,SEA,AL,swanser01,27,8,3,27,27,0,0,0,0,0,0,0,0,0,0,0,0
2019,ATL,NL,swarzan01,44,0,41,44,44,0,0,0,0,0,0,0,0,0,0,0,0
2019,SEA,AL,swarzan01,15,0,0,15,15,0,0,0,0,0,0,0,0,0,0,0,0
2019,ARI,NL,swihabl01,31,11,31,19,0,0,1,0,0,0,10,0,9,18,0,13,0
2019,BOS,AL,swihabl01,12,6,12,10,0,8,1,0,0,0,1,0,0,1,0,5,0
2019,NYN,NL,syndeno01,32,32,30,32,32,0,0,0,0,0,0,0,0,0,0,0,0
2019,PIT,NL,taillja01,7,7,6,7,7,0,0,0,0,0,0,0,0,0,0,0,0
2019,NYA,AL,tanakma01,32,31,1,32,32,0,0,0,0,0,0,0,0,0,0,0,0
2019,COL,NL,tapiara01,138,91,138,106,0,0,0,0,0,0,91,13,6,106,1,38,1
2019,NYA,AL,tarplst01,21,1,0,21,21,0,0,0,0,0,0,0,0,0,0,0,0
2019,BAL,AL,tatedi01,16,0,2,16,16,0,0,0,0,0,0,0,0,0,0,0,0
2019,SDN,NL,tatisfe02,84,82,84,83,0,0,0,0,0,83,0,0,0,0,0,1,0
2019,NYA,AL,tauchmi01,87,77,87,86,0,0,0,0,0,0,59,14,19,86,0,1,1
2019,OAK,AL,taylobe04,10,8,10,9,0,9,0,0,0,0,0,0,0,0,0,1,0
2019,TOR,AL,taylobe04,1,1,1,1,0,1,0,0,0,0,0,0,0,0,0,0,0
2019,LAN,NL,tayloch03,124,90,124,115,0,0,0,20,6,39,56,20,3,69,0,21,2
2019,BOS,AL,taylojo02,52,1,5,52,52,0,0,0,0,0,0,0,0,0,0,0,0
2019,WAS,NL,taylomi02,53,19,53,31,0,0,0,0,0,0,0,25,7,31,0,16,9
2019,MIL,NL,tayloty01,15,0,15,11,0,0,0,0,0,0,0,3,8,11,0,5,1
2019,ATL,NL,teherju01,35,33,33,33,33,0,0,0,0,0,0,0,0,0,0,2,0
2019,NYN,NL,tejadru01,6,2,6,6,0,0,0,2,2,2,0,0,0,0,0,0,1
2019,TOR,AL,tellero01,111,101,111,57,0,0,57,0,0,0,0,0,0,0,45,10,0
2019,TOR,AL,teperry01,23,1,2,23,23,0,0,0,0,0,0,0,0,0,0,0,0
2019,LAA,AL,thaisma01,53,39,53,53,0,0,13,0,43,0,0,0,0,0,0,8,0
2019,MIL,NL,thameer01,149,98,149,113,0,0,105,0,0,0,0,0,12,12,3,49,0
2019,SLN,NL,thomala02,34,4,34,25,0,0,0,0,0,0,2,19,5,25,0,13,5
2019,TOR,AL,thorntr01,32,29,1,32,32,0,0,0,0,0,0,0,0,0,0,0,0
2019,BOS,AL,thornty01,16,0,2,16,16,0,0,0,0,0,0,0,0,0,0,0,0
2019,MIN,AL,thorple01,12,2,0,12,12,0,0,0,0,0,0,0,0,0,0,0,0
2019,CHA,AL,tilsoch01,54,41,54,51,0,0,0,0,0,0,19,14,30,51,0,5,2
2019,COL,NL,tinocje01,24,0,23,24,24,0,0,0,0,0,0,0,0,0,0,0,0
2019,ARI,NL,tomasya01,4,1,4,0,0,0,0,0,0,0,0,0,0,0,1,3,0
2019,ATL,NL,tomlijo01,51,1,47,51,51,0,0,0,0,0,0,0,0,0,0,0,0
2019,HOU,AL,toroab01,25,20,25,24,0,0,1,0,24,0,0,0,0,0,0,3,1
2019,DET,AL,torreca01,4,0,0,4,4,0,0,0,0,0,0,0,0,0,0,0,0
2019,NYA,AL,torregl01,144,142,144,139,0,0,0,65,0,77,0,0,0,0,5,2,0
2019,SDN,NL,torrelu01,7,3,7,4,0,4,0,0,0,0,0,0,0,0,0,4,0
2019,MIN,AL,torrero01,7,4,7,7,0,0,0,1,1,6,1,0,0,1,0,0,0
2019,ATL,NL,toussto01,24,1,23,24,24,0,0,0,0,0,0,0,0,0,0,0,0
2019,LAA,AL,tovarwi01,31,23,31,31,0,0,0,0,0,31,0,0,0,0,0,0,3
2019,BOS,AL,travisa01,59,37,59,45,0,0,29,0,0,0,18,0,1,19,9,14,1
2019,OAK,AL,treinbl01,57,0,3,57,57,0,0,0,0,0,0,0,0,0,0,0,0
2019,TEX,AL,trevijo01,40,32,40,40,0,40,0,0,0,0,0,0,0,0,0,1,0
2019,OAK,AL,trivilo01,61,0,4,61,61,0,0,0,0,0,0,0,0,0,0,0,0
2019,LAA,AL,tropeni01,3,1,0,3,3,0,0,0,0,0,0,0,0,0,0,0,0
2019,LAA,AL,troutmi01,134,133,134,122,0,0,0,0,0,0,0,122,0,122,12,1,0
2019,BAL,AL,trumbma01,12,7,12,0,0,0,0,0,0,0,0,0,0,0,7,5,0
2019,PIT,NL,tuckeco01,56,36,56,45,0,0,0,0,0,45,0,0,0,0,0,14,0
2019,HOU,AL,tuckeky01,22,12,22,19,0,0,4,0,0,0,11,0,11,19,1,4,3
2019,SEA,AL,tuivasa01,23,2,1,23,23,0,0,0,0,0,0,0,0,0,0,0,0
2019,NYA,AL,tulowtr01,5,4,5,4,0,0,0,0,0,4,0,0,0,0,0,1,0
2019,DET,AL,turnbsp01,30,30,3,30,30,0,0,0,0,0,0,0,0,0,0,0,0
2019,LAN,NL,turneju01,135,122,135,124,0,0,0,1,124,0,0,0,0,0,3,13,0
2019,WAS,NL,turnetr01,122,122,122,122,0,0,0,0,0,122,0,0,0,0,0,0,0
2019,CHN,NL,underdu01,12,0,12,12,12,0,0,0,0,0,0,0,0,0,0,0,0
2019,LAA,AL,uptonju01,63,60,63,56,0,0,0,0,0,0,56,0,0,56,5,3,0
2019,MIA,NL,urenajo01,25,13,24,24,24,0,0,0,0,0,0,0,0,0,0,0,1
2019,TOR,AL,urenari01,30,21,30,29,1,0,0,9,6,13,1,0,0,1,0,4,2
2019,LAN,NL,uriasju01,37,8,35,37,37,0,0,0,0,0,0,0,0,0,0,0,0
2019,SDN,NL,uriaslu01,71,65,71,67,0,0,0,26,1,41,0,0,0,0,0,4,0
2019,HOU,AL,urquijo01,9,7,2,9,9,0,0,0,0,0,0,0,0,0,0,0,0
2019,NYA,AL,urshegi01,132,112,132,124,0,0,1,0,123,0,1,0,0,1,3,9,2
2019,COL,NL,valaipa01,40,16,40,22,0,0,1,13,3,7,0,0,0,0,1,18,0
2019,HOU,AL,valdefr01,26,8,0,26,26,0,0,0,0,0,0,0,0,0,0,0,0
2019,TEX,AL,valdeph01,11,0,0,11,11,0,0,0,0,0,0,0,0,0,0,0,0
2019,NYA,AL,valerbr01,12,9,12,12,0,0,0,12,0,0,0,0,0,0,0,0,1
2019,TOR,AL,valerbr01,5,3,5,5,0,0,0,2,1,2,0,0,0,0,0,0,0
2019,CIN,NL,vanmejo01,95,54,95,74,0,0,17,18,6,0,47,0,2,48,2,33,0
2019,ARI,NL,vargail01,92,35,92,67,0,0,0,48,14,4,1,0,1,2,0,36,4
2019,NYN,NL,vargaja01,19,18,17,19,19,0,0,0,0,0,0,0,0,0,0,0,0
2019,PHI,NL,vargaja01,11,11,10,11,11,0,0,0,0,0,0,0,0,0,0,0,0
2019,MIN,AL,vasquan02,1,0,1,1,1,0,0,0,0,0,0,0,0,0,0,0,0
2019,BOS,AL,vazquch01,138,122,138,126,0,119,10,2,4,0,0,0,0,0,11,12,1
2019,PHI,NL,velasvi01,35,23,33,34,33,0,0,0,0,0,1,0,0,1,0,1,1
2019,CLE,AL,velazan01,5,3,5,5,0,0,0,3,0,0,0,2,0,2,0,0,0
2019,TBA,AL,velazan01,10,2,10,7,0,0,0,2,4,0,1,0,0,1,0,3,3
2019,BOS,AL,velazhe01,34,8,3,34,34,0,0,0,0,0,0,0,0,0,0,0,0
2019,SFN,NL,vendipa01,2,0,2,2,2,0,0,0,0,0,0,0,0,0,0,0,0
2019,ATL,NL,ventejo01,9,0,9,9,9,0,0,0,0,0,0,0,0,0,0,0,0
2019,WAS,NL,ventejo01,3,0,2,3,3,0,0,0,0,0,0,0,0,0,0,0,0
2019,LAN,NL,verdual01,106,82,106,97,0,0,0,0,0,0,22,61,25,97,0,17,0
2019,DET,AL,verhadr01,22,4,1,22,22,0,0,0,0,0,0,0,0,0,0,0,0
2019,HOU,AL,verlaju01,34,34,1,34,34,0,0,0,0,0,0,0,0,0,0,0,0
2019,CHA,AL,vieirth01,6,0,1,6,6,0,0,0,0,0,0,0,0,0,0,0,0
2019,BAL,AL,villajo01,162,159,162,160,0,0,0,111,0,97,0,0,0,0,1,1,2
2019,KCA,AL,vilorme01,42,39,42,41,0,41,0,0,0,0,0,0,0,0,1,1,0
2019,PHI,NL,vinceni01,14,0,12,14,14,0,0,0,0,0,0,0,0,0,0,0,0
2019,SFN,NL,vinceni01,18,1,18,18,18,0,0,0,0,0,0,0,0,0,0,0,0
2019,ATL,NL,vizcaar01,4,0,4,4,4,0,0,0,0,0,0,0,0,0,0,0,0
2019,SEA,AL,vogelda01,144,129,144,57,0,0,57,0,0,0,0,0,0,0,81,11,0
2019,SFN,NL,vogtst01,99,56,99,68,0,60,1,0,0,0,7,0,0,7,2,36,0
2019,NYA,AL,voitlu01,118,115,118,83,0,0,83,0,0,0,0,0,0,0,34,2,0
2019,TEX,AL,volqued01,11,4,0,11,11,0,0,0,0,0,0,0,0,0,0,0,0
2019,WAS,NL,vothau01,9,8,7,9,9,0,0,0,0,0,0,0,0,0,0,0,0
2019,CIN,NL,vottojo01,142,136,142,133,0,0,133,0,0,0,1,0,0,1,4,6,0
2019,SLN,NL,wachami01,29,24,28,29,29,0,0,0,0,0,0,0,0,0,0,0,0
2019,MIN,AL,wadela01,26,15,26,25,0,0,1,0,0,0,8,14,6,24,1,5,2
2019,NYA,AL,wadety01,43,28,43,40,0,0,0,18,5,4,14,2,2,18,2,2,6
2019,TOR,AL,wagueja01,16,13,2,16,16,0,0,0,0,0,0,0,0,0,0,0,0
2019,SLN,NL,wainwad01,31,31,29,31,31,0,0,0,0,0,0,0,0,0,0,0,0
2019,BOS,AL,waldema01,70,0,5,70,70,0,0,0,0,0,0,0,0,0,0,0,0
2019,PHI,NL,waldimi01,2,0,2,0,0,0,0,0,0,0,0,0,0,0,0,2,0
2019,ARI,NL,walkech02,152,135,152,142,0,0,142,0,0,0,0,0,0,0,3,13,0
2019,ATL,NL,walkeje02,6,0,6,6,6,0,0,0,0,0,0,0,0,0,0,0,0
2019,MIA,NL,walkene01,115,82,115,89,0,0,69,1,26,0,0,0,0,0,3,28,0
2019,ARI,NL,walketa01,1,1,1,1,1,0,0,0,0,0,0,0,0,0,0,0,0
2019,MIA,NL,wallach01,19,12,19,14,0,14,0,0,0,0,0,0,0,0,0,6,1
2019,LAA,AL,walshja01,34,21,31,27,5,0,24,0,0,0,0,0,0,0,0,7,0
2019,SEA,AL,waltodo01,7,5,7,7,0,0,0,2,0,5,0,0,0,0,0,0,0
2019,OAK,AL,wangwe01,20,0,1,20,20,0,0,0,0,0,0,0,0,0,0,0,0
2019,PIT,NL,wangwe01,5,0,5,5,5,0,0,0,0,0,0,0,0,0,0,0,0
2019,LAA,AL,wardta01,20,12,20,13,0,0,0,0,4,0,9,0,0,9,2,2,3
2019,SDN,NL,warread01,25,0,23,25,25,0,0,0,0,0,0,0,0,0,0,0,0
2019,SEA,AL,warrear01,6,0,0,6,6,0,0,0,0,0,0,0,0,0,0,0,0
2019,SFN,NL,watsoto01,60,0,57,60,60,0,0,0,0,0,0,0,0,0,0,0,0
2019,ARI,NL,weavelu01,13,12,13,12,12,0,0,0,0,0,0,0,0,0,0,0,1
2019,ATL,NL,webbja01,36,0,35,36,36,0,0,0,0,0,0,0,0,0,0,0,0
2019,SFN,NL,webblo01,9,8,7,8,8,0,0,0,0,0,0,0,0,0,0,0,1
2019,SLN,NL,webbty01,65,0,60,65,65,0,0,0,0,0,0,0,0,0,0,0,0
2019,BOS,AL,weberry01,18,3,0,18,18,0,0,0,0,0,0,0,0,0,0,0,0
2019,CHN,NL,webstal01,12,0,11,12,12,0,0,0,0,0,0,0,0,0,0,0,0
2019,OAK,AL,wendejb01,27,0,2,27,27,0,0,0,0,0,0,0,0,0,0,0,0
2019,TBA,AL,wendljo01,75,64,75,74,0,0,0,48,27,10,0,0,1,1,0,2,1
2019,NYN,NL,wheelza01,31,31,28,31,31,0,0,0,0,0,0,0,0,0,0,0,0
2019,HOU,AL,whitety01,71,59,71,49,4,0,48,0,0,0,0,0,0,0,19,7,0
2019,LAN,NL,whitety01,12,5,12,8,0,0,8,0,0,0,0,0,0,0,0,5,0
2019,CHN,NL,wickro01,31,0,31,31,31,0,0,0,0,0,0,0,0,0,0,0,0
2019,CHN,NL,wieckbr01,14,0,14,14,14,0,0,0,0,0,0,0,0,0,0,0,0
2019,SDN,NL,wieckbr01,30,0,28,30,30,0,0,0,0,0,0,0,0,0,0,0,0
2019,SLN,NL,wietema01,67,41,67,54,0,54,0,0,0,0,0,0,0,0,0,20,0
2019,MIL,NL,wilkeaa01,8,0,8,8,8,0,0,0,0,0,0,0,0,0,0,0,0
2019,BAL,AL,wilkest01,119,86,117,112,4,0,0,12,0,0,29,72,10,102,1,11,5
2019,WAS,NL,williau01,2,0,2,2,2,0,0,0,0,0,0,0,0,0,0,0,0
2019,MIL,NL,willide03,13,0,13,13,13,0,0,0,0,0,0,0,0,0,0,0,0
2019,BAL,AL,willima07,11,8,11,9,0,0,0,0,0,0,2,7,1,9,1,1,2
2019,SEA,AL,willima08,25,21,25,24,0,0,0,0,0,0,23,0,1,24,1,3,0
2019,SFN,NL,willima08,15,14,15,14,0,0,0,0,0,0,13,0,1,14,0,0,1
2019,PHI,NL,willini01,67,15,67,28,0,0,0,0,0,0,23,0,5,28,0,41,1
2019,MIL,NL,willita01,12,0,12,10,10,0,0,0,0,0,0,0,0,0,0,0,2
2019,PIT,NL,willitr01,26,26,23,26,26,0,0,0,0,0,0,0,0,0,0,0,0
2019,MIL,NL,wilsoal01,13,0,11,13,13,0,0,0,0,0,0,0,0,0,0,0,0
2019,DET,AL,wilsobo02,15,15,15,15,0,15,0,0,0,0,0,0,0,0,0,0,0
2019,ATL,NL,wilsobr02,6,4,6,6,6,0,0,0,0,0,0,0,0,0,0,0,0
2019,NYN,NL,wilsoju10,45,0,40,45,45,0,0,0,0,0,0,0,0,0,0,0,0
2019,SDN,NL,wingetr01,51,1,48,51,51,0,0,0,0,0,0,0,0,0,0,0,0
2019,CIN,NL,winkeje01,113,87,113,93,0,0,0,0,0,0,72,21,18,93,1,23,0
2019,ATL,NL,winklda01,27,0,26,27,27,0,0,0,0,0,0,0,0,0,0,0,0
2019,TEX,AL,wisdopa01,9,6,9,9,0,0,5,0,4,0,0,0,0,0,0,1,0
2019,SDN,NL,wislema01,21,0,18,21,21,0,0,0,0,0,0,0,0,0,0,0,0
2019,SEA,AL,wislema01,23,8,1,23,23,0,0,0,0,0,0,0,0,0,0,0,0
2019,CLE,AL,wittgni01,55,0,4,55,55,0,0,0,0,0,0,0,0,0,0,0,0
2019,BAL,AL,wojcias01,17,16,1,17,17,0,0,0,0,0,0,0,0,0,0,0,0
2019,COL,NL,wolteto01,121,102,121,117,0,112,0,8,1,0,0,0,0,0,0,9,0
2019,LAA,AL,wongke01,1,0,1,1,0,0,0,1,0,0,0,0,0,0,0,0,1
2019,TBA,AL,wongke01,6,3,6,3,0,0,0,2,0,0,0,0,2,2,0,2,1
2019,SLN,NL,wongko01,148,134,148,147,0,0,0,147,0,0,0,0,0,0,0,6,0
2019,CIN,NL,woodal02,7,7,7,7,7,0,0,0,0,0,0,0,0,0,0,0,0
2019,CLE,AL,woodhu01,17,0,3,17,17,0,0,0,0,0,0,0,0,0,0,0,0
2019,TBA,AL,woodhu01,19,2,0,19,19,0,0,0,0,0,0,0,0,0,0,0,0
2019,MIL,NL,woodrbr01,27,22,25,22,22,0,0,0,0,0,0,0,0,0,0,5,0
2019,BOS,AL,workmbr01,73,0,7,73,73,0,0,0,0,0,0,0,0,0,0,0,0
2019,BAL,AL,wothema01,2,0,0,2,2,0,0,0,0,0,0,0,0,0,0,0,0
2019,ATL,NL,wrighky01,7,4,7,7,7,0,0,0,0,0,0,0,0,0,0,0,0
2019,BAL,AL,wrighmi01,10,0,0,10,10,0,0,0,0,0,0,0,0,0,0,0,0
2019,SEA,AL,wrighmi01,9,0,0,9,9,0,0,0,0,0,0,0,0,0,0,0,0
2019,BOS,AL,wrighst01,6,0,0,6,6,0,0,0,0,0,0,0,0,0,0,0,0
2019,BAL,AL,wynnsau01,28,20,28,25,0,25,0,0,0,0,0,0,0,0,1,2,1
2019,BAL,AL,yacabji01,29,4,1,29,29,0,0,0,0,0,0,0,0,0,0,0,0
2019,MIA,NL,yamamjo01,16,15,16,15,15,0,0,0,0,0,0,0,0,0,0,1,0
2019,TBA,AL,yarbrry01,28,14,1,28,28,0,0,0,0,0,0,0,0,0,0,0,0
2019,SDN,NL,yardler01,10,0,10,10,10,0,0,0,0,0,0,0,0,0,0,0,0
2019,SFN,NL,yastrmi01,107,89,107,102,0,0,0,0,0,0,61,7,56,102,0,12,0
2019,SDN,NL,yateski01,60,0,59,60,60,0,0,0,0,0,0,0,0,0,0,0,0
2019,MIL,NL,yelicch01,130,127,130,124,0,0,0,0,0,0,6,1,124,124,2,3,0
2019,BAL,AL,ynoaga01,36,13,4,36,36,0,0,0,0,0,0,0,0,0,0,0,0
2019,ATL,NL,ynoahu01,2,0,2,2,2,0,0,0,0,0,0,0,0,0,0,0,0
2019,ARI,NL,youngal01,17,15,16,17,17,0,0,0,0,0,0,0,0,0,0,0,0
2019,CHN,NL,zagunma01,30,6,30,8,0,0,0,0,0,0,2,0,6,8,0,22,1
2019,NYN,NL,zamorda01,17,0,17,17,17,0,0,0,0,0,0,0,0,0,0,0,0
2019,CHA,AL,zavalse01,5,3,5,3,0,3,0,0,0,0,0,0,0,0,0,2,0
2019,TOR,AL,zeuchtj01,5,3,1,5,5,0,0,0,0,0,0,0,0,0,0,0,0
2019,CLE,AL,zimmebr01,9,2,9,5,0,0,0,0,0,0,0,2,4,5,0,3,2
2019,DET,AL,zimmejo02,23,23,1,23,23,0,0,0,0,0,0,0,0,0,0,0,0
2019,KCA,AL,zimmeky01,15,0,1,15,15,0,0,0,0,0,0,0,0,0,0,0,0
2019,WAS,NL,zimmery01,52,43,52,44,0,0,44,0,0,0,0,0,0,0,3,7,0
2019,CHN,NL,zobribe01,47,38,47,44,1,0,0,32,0,1,6,0,13,17,1,5,0
2019,TBA,AL,zuninmi01,90,78,90,89,0,89,0,0,0,0,0,0,0,0,0,3,0
